"Sex","Status","Dept"
"Male","Admit","A"
"Male","Admit","A"
"Male","Admit","A"
"Male","Admit","A"
"Male","Admit","A"
"Male","Admit","A"
"Male","Admit","A"
"Male","Admit","A"
"Male","Admit","A"
"Male","Admit","A"
"Male","Admit","A"
"Male","Admit","A"
"Male","Admit","A"
"Male","Admit","A"
"Male","Admit","A"
"Male","Admit","A"
"Male","Admit","A"
"Male","Admit","A"
"Male","Admit","A"
"Male","Admit","A"
"Male","Admit","A"
"Male","Admit","A"
"Male","Admit","A"
"Male","Admit","A"
"Male","Admit","A"
"Male","Admit","A"
"Male","Admit","A"
"Male","Admit","A"
"Male","Admit","A"
"Male","Admit","A"
"Male","Admit","A"
"Male","Admit","A"
"Male","Admit","A"
"Male","Admit","A"
"Male","Admit","A"
"Male","Admit","A"
"Male","Admit","A"
"Male","Admit","A"
"Male","Admit","A"
"Male","Admit","A"
"Male","Admit","A"
"Male","Admit","A"
"Male","Admit","A"
"Male","Admit","A"
"Male","Admit","A"
"Male","Admit","A"
"Male","Admit","A"
"Male","Admit","A"
"Male","Admit","A"
"Male","Admit","A"
"Male","Admit","A"
"Male","Admit","A"
"Male","Admit","A"
"Male","Admit","A"
"Male","Admit","A"
"Male","Admit","A"
"Male","Admit","A"
"Male","Admit","A"
"Male","Admit","A"
"Male","Admit","A"
"Male","Admit","A"
"Male","Admit","A"
"Male","Admit","A"
"Male","Admit","A"
"Male","Admit","A"
"Male","Admit","A"
"Male","Admit","A"
"Male","Admit","A"
"Male","Admit","A"
"Male","Admit","A"
"Male","Admit","A"
"Male","Admit","A"
"Male","Admit","A"
"Male","Admit","A"
"Male","Admit","A"
"Male","Admit","A"
"Male","Admit","A"
"Male","Admit","A"
"Male","Admit","A"
"Male","Admit","A"
"Male","Admit","A"
"Male","Admit","A"
"Male","Admit","A"
"Male","Admit","A"
"Male","Admit","A"
"Male","Admit","A"
"Male","Admit","A"
"Male","Admit","A"
"Male","Admit","A"
"Male","Admit","A"
"Male","Admit","A"
"Male","Admit","A"
"Male","Admit","A"
"Male","Admit","A"
"Male","Admit","A"
"Male","Admit","A"
"Male","Admit","A"
"Male","Admit","A"
"Male","Admit","A"
"Male","Admit","A"
"Male","Admit","A"
"Male","Admit","A"
"Male","Admit","A"
"Male","Admit","A"
"Male","Admit","A"
"Male","Admit","A"
"Male","Admit","A"
"Male","Admit","A"
"Male","Admit","A"
"Male","Admit","A"
"Male","Admit","A"
"Male","Admit","A"
"Male","Admit","A"
"Male","Admit","A"
"Male","Admit","A"
"Male","Admit","A"
"Male","Admit","A"
"Male","Admit","A"
"Male","Admit","A"
"Male","Admit","A"
"Male","Admit","A"
"Male","Admit","A"
"Male","Admit","A"
"Male","Admit","A"
"Male","Admit","A"
"Male","Admit","A"
"Male","Admit","A"
"Male","Admit","A"
"Male","Admit","A"
"Male","Admit","A"
"Male","Admit","A"
"Male","Admit","A"
"Male","Admit","A"
"Male","Admit","A"
"Male","Admit","A"
"Male","Admit","A"
"Male","Admit","A"
"Male","Admit","A"
"Male","Admit","A"
"Male","Admit","A"
"Male","Admit","A"
"Male","Admit","A"
"Male","Admit","A"
"Male","Admit","A"
"Male","Admit","A"
"Male","Admit","A"
"Male","Admit","A"
"Male","Admit","A"
"Male","Admit","A"
"Male","Admit","A"
"Male","Admit","A"
"Male","Admit","A"
"Male","Admit","A"
"Male","Admit","A"
"Male","Admit","A"
"Male","Admit","A"
"Male","Admit","A"
"Male","Admit","A"
"Male","Admit","A"
"Male","Admit","A"
"Male","Admit","A"
"Male","Admit","A"
"Male","Admit","A"
"Male","Admit","A"
"Male","Admit","A"
"Male","Admit","A"
"Male","Admit","A"
"Male","Admit","A"
"Male","Admit","A"
"Male","Admit","A"
"Male","Admit","A"
"Male","Admit","A"
"Male","Admit","A"
"Male","Admit","A"
"Male","Admit","A"
"Male","Admit","A"
"Male","Admit","A"
"Male","Admit","A"
"Male","Admit","A"
"Male","Admit","A"
"Male","Admit","A"
"Male","Admit","A"
"Male","Admit","A"
"Male","Admit","A"
"Male","Admit","A"
"Male","Admit","A"
"Male","Admit","A"
"Male","Admit","A"
"Male","Admit","A"
"Male","Admit","A"
"Male","Admit","A"
"Male","Admit","A"
"Male","Admit","A"
"Male","Admit","A"
"Male","Admit","A"
"Male","Admit","A"
"Male","Admit","A"
"Male","Admit","A"
"Male","Admit","A"
"Male","Admit","A"
"Male","Admit","A"
"Male","Admit","A"
"Male","Admit","A"
"Male","Admit","A"
"Male","Admit","A"
"Male","Admit","A"
"Male","Admit","A"
"Male","Admit","A"
"Male","Admit","A"
"Male","Admit","A"
"Male","Admit","A"
"Male","Admit","A"
"Male","Admit","A"
"Male","Admit","A"
"Male","Admit","A"
"Male","Admit","A"
"Male","Admit","A"
"Male","Admit","A"
"Male","Admit","A"
"Male","Admit","A"
"Male","Admit","A"
"Male","Admit","A"
"Male","Admit","A"
"Male","Admit","A"
"Male","Admit","A"
"Male","Admit","A"
"Male","Admit","A"
"Male","Admit","A"
"Male","Admit","A"
"Male","Admit","A"
"Male","Admit","A"
"Male","Admit","A"
"Male","Admit","A"
"Male","Admit","A"
"Male","Admit","A"
"Male","Admit","A"
"Male","Admit","A"
"Male","Admit","A"
"Male","Admit","A"
"Male","Admit","A"
"Male","Admit","A"
"Male","Admit","A"
"Male","Admit","A"
"Male","Admit","A"
"Male","Admit","A"
"Male","Admit","A"
"Male","Admit","A"
"Male","Admit","A"
"Male","Admit","A"
"Male","Admit","A"
"Male","Admit","A"
"Male","Admit","A"
"Male","Admit","A"
"Male","Admit","A"
"Male","Admit","A"
"Male","Admit","A"
"Male","Admit","A"
"Male","Admit","A"
"Male","Admit","A"
"Male","Admit","A"
"Male","Admit","A"
"Male","Admit","A"
"Male","Admit","A"
"Male","Admit","A"
"Male","Admit","A"
"Male","Admit","A"
"Male","Admit","A"
"Male","Admit","A"
"Male","Admit","A"
"Male","Admit","A"
"Male","Admit","A"
"Male","Admit","A"
"Male","Admit","A"
"Male","Admit","A"
"Male","Admit","A"
"Male","Admit","A"
"Male","Admit","A"
"Male","Admit","A"
"Male","Admit","A"
"Male","Admit","A"
"Male","Admit","A"
"Male","Admit","A"
"Male","Admit","A"
"Male","Admit","A"
"Male","Admit","A"
"Male","Admit","A"
"Male","Admit","A"
"Male","Admit","A"
"Male","Admit","A"
"Male","Admit","A"
"Male","Admit","A"
"Male","Admit","A"
"Male","Admit","A"
"Male","Admit","A"
"Male","Admit","A"
"Male","Admit","A"
"Male","Admit","A"
"Male","Admit","A"
"Male","Admit","A"
"Male","Admit","A"
"Male","Admit","A"
"Male","Admit","A"
"Male","Admit","A"
"Male","Admit","A"
"Male","Admit","A"
"Male","Admit","A"
"Male","Admit","A"
"Male","Admit","A"
"Male","Admit","A"
"Male","Admit","A"
"Male","Admit","A"
"Male","Admit","A"
"Male","Admit","A"
"Male","Admit","A"
"Male","Admit","A"
"Male","Admit","A"
"Male","Admit","A"
"Male","Admit","A"
"Male","Admit","A"
"Male","Admit","A"
"Male","Admit","A"
"Male","Admit","A"
"Male","Admit","A"
"Male","Admit","A"
"Male","Admit","A"
"Male","Admit","A"
"Male","Admit","A"
"Male","Admit","A"
"Male","Admit","A"
"Male","Admit","A"
"Male","Admit","A"
"Male","Admit","A"
"Male","Admit","A"
"Male","Admit","A"
"Male","Admit","A"
"Male","Admit","A"
"Male","Admit","A"
"Male","Admit","A"
"Male","Admit","A"
"Male","Admit","A"
"Male","Admit","A"
"Male","Admit","A"
"Male","Admit","A"
"Male","Admit","A"
"Male","Admit","A"
"Male","Admit","A"
"Male","Admit","A"
"Male","Admit","A"
"Male","Admit","A"
"Male","Admit","A"
"Male","Admit","A"
"Male","Admit","A"
"Male","Admit","A"
"Male","Admit","A"
"Male","Admit","A"
"Male","Admit","A"
"Male","Admit","A"
"Male","Admit","A"
"Male","Admit","A"
"Male","Admit","A"
"Male","Admit","A"
"Male","Admit","A"
"Male","Admit","A"
"Male","Admit","A"
"Male","Admit","A"
"Male","Admit","A"
"Male","Admit","A"
"Male","Admit","A"
"Male","Admit","A"
"Male","Admit","A"
"Male","Admit","A"
"Male","Admit","A"
"Male","Admit","A"
"Male","Admit","A"
"Male","Admit","A"
"Male","Admit","A"
"Male","Admit","A"
"Male","Admit","A"
"Male","Admit","A"
"Male","Admit","A"
"Male","Admit","A"
"Male","Admit","A"
"Male","Admit","A"
"Male","Admit","A"
"Male","Admit","A"
"Male","Admit","A"
"Male","Admit","A"
"Male","Admit","A"
"Male","Admit","A"
"Male","Admit","A"
"Male","Admit","A"
"Male","Admit","A"
"Male","Admit","A"
"Male","Admit","A"
"Male","Admit","A"
"Male","Admit","A"
"Male","Admit","A"
"Male","Admit","A"
"Male","Admit","A"
"Male","Admit","A"
"Male","Admit","A"
"Male","Admit","A"
"Male","Admit","A"
"Male","Admit","A"
"Male","Admit","A"
"Male","Admit","A"
"Male","Admit","A"
"Male","Admit","A"
"Male","Admit","A"
"Male","Admit","A"
"Male","Admit","A"
"Male","Admit","A"
"Male","Admit","A"
"Male","Admit","A"
"Male","Admit","A"
"Male","Admit","A"
"Male","Admit","A"
"Male","Admit","A"
"Male","Admit","A"
"Male","Admit","A"
"Male","Admit","A"
"Male","Admit","A"
"Male","Admit","A"
"Male","Admit","A"
"Male","Admit","A"
"Male","Admit","A"
"Male","Admit","A"
"Male","Admit","A"
"Male","Admit","A"
"Male","Admit","A"
"Male","Admit","A"
"Male","Admit","A"
"Male","Admit","A"
"Male","Admit","A"
"Male","Admit","A"
"Male","Admit","A"
"Male","Admit","A"
"Male","Admit","A"
"Male","Admit","A"
"Male","Admit","A"
"Male","Admit","A"
"Male","Admit","A"
"Male","Admit","A"
"Male","Admit","A"
"Male","Admit","A"
"Male","Admit","A"
"Male","Admit","A"
"Male","Admit","A"
"Male","Admit","A"
"Male","Admit","A"
"Male","Admit","A"
"Male","Admit","A"
"Male","Admit","A"
"Male","Admit","A"
"Male","Admit","A"
"Male","Admit","A"
"Male","Admit","A"
"Male","Admit","A"
"Male","Admit","A"
"Male","Admit","A"
"Male","Admit","A"
"Male","Admit","A"
"Male","Admit","A"
"Male","Admit","A"
"Male","Admit","A"
"Male","Admit","A"
"Male","Admit","A"
"Male","Admit","A"
"Male","Admit","A"
"Male","Admit","A"
"Male","Admit","A"
"Male","Admit","A"
"Male","Admit","A"
"Male","Admit","A"
"Male","Admit","A"
"Male","Admit","A"
"Male","Admit","A"
"Male","Admit","A"
"Male","Admit","A"
"Male","Admit","A"
"Male","Admit","A"
"Male","Admit","A"
"Male","Admit","A"
"Male","Admit","A"
"Male","Admit","A"
"Male","Admit","A"
"Male","Admit","A"
"Male","Admit","A"
"Male","Admit","A"
"Male","Admit","A"
"Male","Admit","A"
"Male","Admit","A"
"Male","Admit","A"
"Male","Admit","A"
"Male","Admit","A"
"Male","Admit","A"
"Male","Admit","A"
"Male","Admit","A"
"Male","Admit","A"
"Male","Admit","A"
"Male","Admit","A"
"Male","Admit","A"
"Male","Admit","A"
"Male","Admit","A"
"Male","Admit","A"
"Male","Admit","A"
"Male","Admit","A"
"Male","Admit","A"
"Male","Admit","A"
"Male","Admit","A"
"Male","Admit","A"
"Male","Admit","A"
"Male","Admit","B"
"Male","Admit","B"
"Male","Admit","B"
"Male","Admit","B"
"Male","Admit","B"
"Male","Admit","B"
"Male","Admit","B"
"Male","Admit","B"
"Male","Admit","B"
"Male","Admit","B"
"Male","Admit","B"
"Male","Admit","B"
"Male","Admit","B"
"Male","Admit","B"
"Male","Admit","B"
"Male","Admit","B"
"Male","Admit","B"
"Male","Admit","B"
"Male","Admit","B"
"Male","Admit","B"
"Male","Admit","B"
"Male","Admit","B"
"Male","Admit","B"
"Male","Admit","B"
"Male","Admit","B"
"Male","Admit","B"
"Male","Admit","B"
"Male","Admit","B"
"Male","Admit","B"
"Male","Admit","B"
"Male","Admit","B"
"Male","Admit","B"
"Male","Admit","B"
"Male","Admit","B"
"Male","Admit","B"
"Male","Admit","B"
"Male","Admit","B"
"Male","Admit","B"
"Male","Admit","B"
"Male","Admit","B"
"Male","Admit","B"
"Male","Admit","B"
"Male","Admit","B"
"Male","Admit","B"
"Male","Admit","B"
"Male","Admit","B"
"Male","Admit","B"
"Male","Admit","B"
"Male","Admit","B"
"Male","Admit","B"
"Male","Admit","B"
"Male","Admit","B"
"Male","Admit","B"
"Male","Admit","B"
"Male","Admit","B"
"Male","Admit","B"
"Male","Admit","B"
"Male","Admit","B"
"Male","Admit","B"
"Male","Admit","B"
"Male","Admit","B"
"Male","Admit","B"
"Male","Admit","B"
"Male","Admit","B"
"Male","Admit","B"
"Male","Admit","B"
"Male","Admit","B"
"Male","Admit","B"
"Male","Admit","B"
"Male","Admit","B"
"Male","Admit","B"
"Male","Admit","B"
"Male","Admit","B"
"Male","Admit","B"
"Male","Admit","B"
"Male","Admit","B"
"Male","Admit","B"
"Male","Admit","B"
"Male","Admit","B"
"Male","Admit","B"
"Male","Admit","B"
"Male","Admit","B"
"Male","Admit","B"
"Male","Admit","B"
"Male","Admit","B"
"Male","Admit","B"
"Male","Admit","B"
"Male","Admit","B"
"Male","Admit","B"
"Male","Admit","B"
"Male","Admit","B"
"Male","Admit","B"
"Male","Admit","B"
"Male","Admit","B"
"Male","Admit","B"
"Male","Admit","B"
"Male","Admit","B"
"Male","Admit","B"
"Male","Admit","B"
"Male","Admit","B"
"Male","Admit","B"
"Male","Admit","B"
"Male","Admit","B"
"Male","Admit","B"
"Male","Admit","B"
"Male","Admit","B"
"Male","Admit","B"
"Male","Admit","B"
"Male","Admit","B"
"Male","Admit","B"
"Male","Admit","B"
"Male","Admit","B"
"Male","Admit","B"
"Male","Admit","B"
"Male","Admit","B"
"Male","Admit","B"
"Male","Admit","B"
"Male","Admit","B"
"Male","Admit","B"
"Male","Admit","B"
"Male","Admit","B"
"Male","Admit","B"
"Male","Admit","B"
"Male","Admit","B"
"Male","Admit","B"
"Male","Admit","B"
"Male","Admit","B"
"Male","Admit","B"
"Male","Admit","B"
"Male","Admit","B"
"Male","Admit","B"
"Male","Admit","B"
"Male","Admit","B"
"Male","Admit","B"
"Male","Admit","B"
"Male","Admit","B"
"Male","Admit","B"
"Male","Admit","B"
"Male","Admit","B"
"Male","Admit","B"
"Male","Admit","B"
"Male","Admit","B"
"Male","Admit","B"
"Male","Admit","B"
"Male","Admit","B"
"Male","Admit","B"
"Male","Admit","B"
"Male","Admit","B"
"Male","Admit","B"
"Male","Admit","B"
"Male","Admit","B"
"Male","Admit","B"
"Male","Admit","B"
"Male","Admit","B"
"Male","Admit","B"
"Male","Admit","B"
"Male","Admit","B"
"Male","Admit","B"
"Male","Admit","B"
"Male","Admit","B"
"Male","Admit","B"
"Male","Admit","B"
"Male","Admit","B"
"Male","Admit","B"
"Male","Admit","B"
"Male","Admit","B"
"Male","Admit","B"
"Male","Admit","B"
"Male","Admit","B"
"Male","Admit","B"
"Male","Admit","B"
"Male","Admit","B"
"Male","Admit","B"
"Male","Admit","B"
"Male","Admit","B"
"Male","Admit","B"
"Male","Admit","B"
"Male","Admit","B"
"Male","Admit","B"
"Male","Admit","B"
"Male","Admit","B"
"Male","Admit","B"
"Male","Admit","B"
"Male","Admit","B"
"Male","Admit","B"
"Male","Admit","B"
"Male","Admit","B"
"Male","Admit","B"
"Male","Admit","B"
"Male","Admit","B"
"Male","Admit","B"
"Male","Admit","B"
"Male","Admit","B"
"Male","Admit","B"
"Male","Admit","B"
"Male","Admit","B"
"Male","Admit","B"
"Male","Admit","B"
"Male","Admit","B"
"Male","Admit","B"
"Male","Admit","B"
"Male","Admit","B"
"Male","Admit","B"
"Male","Admit","B"
"Male","Admit","B"
"Male","Admit","B"
"Male","Admit","B"
"Male","Admit","B"
"Male","Admit","B"
"Male","Admit","B"
"Male","Admit","B"
"Male","Admit","B"
"Male","Admit","B"
"Male","Admit","B"
"Male","Admit","B"
"Male","Admit","B"
"Male","Admit","B"
"Male","Admit","B"
"Male","Admit","B"
"Male","Admit","B"
"Male","Admit","B"
"Male","Admit","B"
"Male","Admit","B"
"Male","Admit","B"
"Male","Admit","B"
"Male","Admit","B"
"Male","Admit","B"
"Male","Admit","B"
"Male","Admit","B"
"Male","Admit","B"
"Male","Admit","B"
"Male","Admit","B"
"Male","Admit","B"
"Male","Admit","B"
"Male","Admit","B"
"Male","Admit","B"
"Male","Admit","B"
"Male","Admit","B"
"Male","Admit","B"
"Male","Admit","B"
"Male","Admit","B"
"Male","Admit","B"
"Male","Admit","B"
"Male","Admit","B"
"Male","Admit","B"
"Male","Admit","B"
"Male","Admit","B"
"Male","Admit","B"
"Male","Admit","B"
"Male","Admit","B"
"Male","Admit","B"
"Male","Admit","B"
"Male","Admit","B"
"Male","Admit","B"
"Male","Admit","B"
"Male","Admit","B"
"Male","Admit","B"
"Male","Admit","B"
"Male","Admit","B"
"Male","Admit","B"
"Male","Admit","B"
"Male","Admit","B"
"Male","Admit","B"
"Male","Admit","B"
"Male","Admit","B"
"Male","Admit","B"
"Male","Admit","B"
"Male","Admit","B"
"Male","Admit","B"
"Male","Admit","B"
"Male","Admit","B"
"Male","Admit","B"
"Male","Admit","B"
"Male","Admit","B"
"Male","Admit","B"
"Male","Admit","B"
"Male","Admit","B"
"Male","Admit","B"
"Male","Admit","B"
"Male","Admit","B"
"Male","Admit","B"
"Male","Admit","B"
"Male","Admit","B"
"Male","Admit","B"
"Male","Admit","B"
"Male","Admit","B"
"Male","Admit","B"
"Male","Admit","B"
"Male","Admit","B"
"Male","Admit","B"
"Male","Admit","B"
"Male","Admit","B"
"Male","Admit","B"
"Male","Admit","B"
"Male","Admit","B"
"Male","Admit","B"
"Male","Admit","B"
"Male","Admit","B"
"Male","Admit","B"
"Male","Admit","B"
"Male","Admit","B"
"Male","Admit","B"
"Male","Admit","B"
"Male","Admit","B"
"Male","Admit","B"
"Male","Admit","B"
"Male","Admit","B"
"Male","Admit","B"
"Male","Admit","B"
"Male","Admit","B"
"Male","Admit","B"
"Male","Admit","B"
"Male","Admit","B"
"Male","Admit","B"
"Male","Admit","B"
"Male","Admit","B"
"Male","Admit","B"
"Male","Admit","B"
"Male","Admit","B"
"Male","Admit","B"
"Male","Admit","B"
"Male","Admit","B"
"Male","Admit","B"
"Male","Admit","B"
"Male","Admit","B"
"Male","Admit","B"
"Male","Admit","B"
"Male","Admit","B"
"Male","Admit","B"
"Male","Admit","B"
"Male","Admit","B"
"Male","Admit","B"
"Male","Admit","B"
"Male","Admit","B"
"Male","Admit","B"
"Male","Admit","B"
"Male","Admit","B"
"Male","Admit","B"
"Male","Admit","B"
"Male","Admit","B"
"Male","Admit","B"
"Male","Admit","B"
"Male","Admit","B"
"Male","Admit","B"
"Male","Admit","B"
"Male","Admit","B"
"Male","Admit","B"
"Male","Admit","B"
"Male","Admit","B"
"Male","Admit","B"
"Male","Admit","B"
"Male","Admit","B"
"Male","Admit","B"
"Male","Admit","C"
"Male","Admit","C"
"Male","Admit","C"
"Male","Admit","C"
"Male","Admit","C"
"Male","Admit","C"
"Male","Admit","C"
"Male","Admit","C"
"Male","Admit","C"
"Male","Admit","C"
"Male","Admit","C"
"Male","Admit","C"
"Male","Admit","C"
"Male","Admit","C"
"Male","Admit","C"
"Male","Admit","C"
"Male","Admit","C"
"Male","Admit","C"
"Male","Admit","C"
"Male","Admit","C"
"Male","Admit","C"
"Male","Admit","C"
"Male","Admit","C"
"Male","Admit","C"
"Male","Admit","C"
"Male","Admit","C"
"Male","Admit","C"
"Male","Admit","C"
"Male","Admit","C"
"Male","Admit","C"
"Male","Admit","C"
"Male","Admit","C"
"Male","Admit","C"
"Male","Admit","C"
"Male","Admit","C"
"Male","Admit","C"
"Male","Admit","C"
"Male","Admit","C"
"Male","Admit","C"
"Male","Admit","C"
"Male","Admit","C"
"Male","Admit","C"
"Male","Admit","C"
"Male","Admit","C"
"Male","Admit","C"
"Male","Admit","C"
"Male","Admit","C"
"Male","Admit","C"
"Male","Admit","C"
"Male","Admit","C"
"Male","Admit","C"
"Male","Admit","C"
"Male","Admit","C"
"Male","Admit","C"
"Male","Admit","C"
"Male","Admit","C"
"Male","Admit","C"
"Male","Admit","C"
"Male","Admit","C"
"Male","Admit","C"
"Male","Admit","C"
"Male","Admit","C"
"Male","Admit","C"
"Male","Admit","C"
"Male","Admit","C"
"Male","Admit","C"
"Male","Admit","C"
"Male","Admit","C"
"Male","Admit","C"
"Male","Admit","C"
"Male","Admit","C"
"Male","Admit","C"
"Male","Admit","C"
"Male","Admit","C"
"Male","Admit","C"
"Male","Admit","C"
"Male","Admit","C"
"Male","Admit","C"
"Male","Admit","C"
"Male","Admit","C"
"Male","Admit","C"
"Male","Admit","C"
"Male","Admit","C"
"Male","Admit","C"
"Male","Admit","C"
"Male","Admit","C"
"Male","Admit","C"
"Male","Admit","C"
"Male","Admit","C"
"Male","Admit","C"
"Male","Admit","C"
"Male","Admit","C"
"Male","Admit","C"
"Male","Admit","C"
"Male","Admit","C"
"Male","Admit","C"
"Male","Admit","C"
"Male","Admit","C"
"Male","Admit","C"
"Male","Admit","C"
"Male","Admit","C"
"Male","Admit","C"
"Male","Admit","C"
"Male","Admit","C"
"Male","Admit","C"
"Male","Admit","C"
"Male","Admit","C"
"Male","Admit","C"
"Male","Admit","C"
"Male","Admit","C"
"Male","Admit","C"
"Male","Admit","C"
"Male","Admit","C"
"Male","Admit","C"
"Male","Admit","C"
"Male","Admit","C"
"Male","Admit","C"
"Male","Admit","C"
"Male","Admit","C"
"Male","Admit","C"
"Male","Admit","D"
"Male","Admit","D"
"Male","Admit","D"
"Male","Admit","D"
"Male","Admit","D"
"Male","Admit","D"
"Male","Admit","D"
"Male","Admit","D"
"Male","Admit","D"
"Male","Admit","D"
"Male","Admit","D"
"Male","Admit","D"
"Male","Admit","D"
"Male","Admit","D"
"Male","Admit","D"
"Male","Admit","D"
"Male","Admit","D"
"Male","Admit","D"
"Male","Admit","D"
"Male","Admit","D"
"Male","Admit","D"
"Male","Admit","D"
"Male","Admit","D"
"Male","Admit","D"
"Male","Admit","D"
"Male","Admit","D"
"Male","Admit","D"
"Male","Admit","D"
"Male","Admit","D"
"Male","Admit","D"
"Male","Admit","D"
"Male","Admit","D"
"Male","Admit","D"
"Male","Admit","D"
"Male","Admit","D"
"Male","Admit","D"
"Male","Admit","D"
"Male","Admit","D"
"Male","Admit","D"
"Male","Admit","D"
"Male","Admit","D"
"Male","Admit","D"
"Male","Admit","D"
"Male","Admit","D"
"Male","Admit","D"
"Male","Admit","D"
"Male","Admit","D"
"Male","Admit","D"
"Male","Admit","D"
"Male","Admit","D"
"Male","Admit","D"
"Male","Admit","D"
"Male","Admit","D"
"Male","Admit","D"
"Male","Admit","D"
"Male","Admit","D"
"Male","Admit","D"
"Male","Admit","D"
"Male","Admit","D"
"Male","Admit","D"
"Male","Admit","D"
"Male","Admit","D"
"Male","Admit","D"
"Male","Admit","D"
"Male","Admit","D"
"Male","Admit","D"
"Male","Admit","D"
"Male","Admit","D"
"Male","Admit","D"
"Male","Admit","D"
"Male","Admit","D"
"Male","Admit","D"
"Male","Admit","D"
"Male","Admit","D"
"Male","Admit","D"
"Male","Admit","D"
"Male","Admit","D"
"Male","Admit","D"
"Male","Admit","D"
"Male","Admit","D"
"Male","Admit","D"
"Male","Admit","D"
"Male","Admit","D"
"Male","Admit","D"
"Male","Admit","D"
"Male","Admit","D"
"Male","Admit","D"
"Male","Admit","D"
"Male","Admit","D"
"Male","Admit","D"
"Male","Admit","D"
"Male","Admit","D"
"Male","Admit","D"
"Male","Admit","D"
"Male","Admit","D"
"Male","Admit","D"
"Male","Admit","D"
"Male","Admit","D"
"Male","Admit","D"
"Male","Admit","D"
"Male","Admit","D"
"Male","Admit","D"
"Male","Admit","D"
"Male","Admit","D"
"Male","Admit","D"
"Male","Admit","D"
"Male","Admit","D"
"Male","Admit","D"
"Male","Admit","D"
"Male","Admit","D"
"Male","Admit","D"
"Male","Admit","D"
"Male","Admit","D"
"Male","Admit","D"
"Male","Admit","D"
"Male","Admit","D"
"Male","Admit","D"
"Male","Admit","D"
"Male","Admit","D"
"Male","Admit","D"
"Male","Admit","D"
"Male","Admit","D"
"Male","Admit","D"
"Male","Admit","D"
"Male","Admit","D"
"Male","Admit","D"
"Male","Admit","D"
"Male","Admit","D"
"Male","Admit","D"
"Male","Admit","D"
"Male","Admit","D"
"Male","Admit","D"
"Male","Admit","D"
"Male","Admit","D"
"Male","Admit","D"
"Male","Admit","D"
"Male","Admit","D"
"Male","Admit","D"
"Male","Admit","E"
"Male","Admit","E"
"Male","Admit","E"
"Male","Admit","E"
"Male","Admit","E"
"Male","Admit","E"
"Male","Admit","E"
"Male","Admit","E"
"Male","Admit","E"
"Male","Admit","E"
"Male","Admit","E"
"Male","Admit","E"
"Male","Admit","E"
"Male","Admit","E"
"Male","Admit","E"
"Male","Admit","E"
"Male","Admit","E"
"Male","Admit","E"
"Male","Admit","E"
"Male","Admit","E"
"Male","Admit","E"
"Male","Admit","E"
"Male","Admit","E"
"Male","Admit","E"
"Male","Admit","E"
"Male","Admit","E"
"Male","Admit","E"
"Male","Admit","E"
"Male","Admit","E"
"Male","Admit","E"
"Male","Admit","E"
"Male","Admit","E"
"Male","Admit","E"
"Male","Admit","E"
"Male","Admit","E"
"Male","Admit","E"
"Male","Admit","E"
"Male","Admit","E"
"Male","Admit","E"
"Male","Admit","E"
"Male","Admit","E"
"Male","Admit","E"
"Male","Admit","E"
"Male","Admit","E"
"Male","Admit","E"
"Male","Admit","E"
"Male","Admit","E"
"Male","Admit","E"
"Male","Admit","E"
"Male","Admit","E"
"Male","Admit","F"
"Male","Admit","F"
"Male","Admit","F"
"Male","Admit","F"
"Male","Admit","F"
"Male","Admit","F"
"Male","Admit","F"
"Male","Admit","F"
"Male","Admit","F"
"Male","Admit","F"
"Male","Admit","F"
"Male","Admit","F"
"Male","Admit","F"
"Male","Admit","F"
"Male","Admit","F"
"Male","Admit","F"
"Male","Admit","F"
"Male","Admit","F"
"Male","Admit","F"
"Male","Admit","F"
"Male","Admit","F"
"Male","Admit","F"
"Female","Admit","A"
"Female","Admit","A"
"Female","Admit","A"
"Female","Admit","A"
"Female","Admit","A"
"Female","Admit","A"
"Female","Admit","A"
"Female","Admit","A"
"Female","Admit","A"
"Female","Admit","A"
"Female","Admit","A"
"Female","Admit","A"
"Female","Admit","A"
"Female","Admit","A"
"Female","Admit","A"
"Female","Admit","A"
"Female","Admit","A"
"Female","Admit","A"
"Female","Admit","A"
"Female","Admit","A"
"Female","Admit","A"
"Female","Admit","A"
"Female","Admit","A"
"Female","Admit","A"
"Female","Admit","A"
"Female","Admit","A"
"Female","Admit","A"
"Female","Admit","A"
"Female","Admit","A"
"Female","Admit","A"
"Female","Admit","A"
"Female","Admit","A"
"Female","Admit","A"
"Female","Admit","A"
"Female","Admit","A"
"Female","Admit","A"
"Female","Admit","A"
"Female","Admit","A"
"Female","Admit","A"
"Female","Admit","A"
"Female","Admit","A"
"Female","Admit","A"
"Female","Admit","A"
"Female","Admit","A"
"Female","Admit","A"
"Female","Admit","A"
"Female","Admit","A"
"Female","Admit","A"
"Female","Admit","A"
"Female","Admit","A"
"Female","Admit","A"
"Female","Admit","A"
"Female","Admit","A"
"Female","Admit","A"
"Female","Admit","A"
"Female","Admit","A"
"Female","Admit","A"
"Female","Admit","A"
"Female","Admit","A"
"Female","Admit","A"
"Female","Admit","A"
"Female","Admit","A"
"Female","Admit","A"
"Female","Admit","A"
"Female","Admit","A"
"Female","Admit","A"
"Female","Admit","A"
"Female","Admit","A"
"Female","Admit","A"
"Female","Admit","A"
"Female","Admit","A"
"Female","Admit","A"
"Female","Admit","A"
"Female","Admit","A"
"Female","Admit","A"
"Female","Admit","A"
"Female","Admit","A"
"Female","Admit","A"
"Female","Admit","A"
"Female","Admit","A"
"Female","Admit","A"
"Female","Admit","A"
"Female","Admit","A"
"Female","Admit","A"
"Female","Admit","A"
"Female","Admit","A"
"Female","Admit","A"
"Female","Admit","A"
"Female","Admit","A"
"Female","Admit","B"
"Female","Admit","B"
"Female","Admit","B"
"Female","Admit","B"
"Female","Admit","B"
"Female","Admit","B"
"Female","Admit","B"
"Female","Admit","B"
"Female","Admit","B"
"Female","Admit","B"
"Female","Admit","B"
"Female","Admit","B"
"Female","Admit","B"
"Female","Admit","B"
"Female","Admit","B"
"Female","Admit","B"
"Female","Admit","B"
"Female","Admit","C"
"Female","Admit","C"
"Female","Admit","C"
"Female","Admit","C"
"Female","Admit","C"
"Female","Admit","C"
"Female","Admit","C"
"Female","Admit","C"
"Female","Admit","C"
"Female","Admit","C"
"Female","Admit","C"
"Female","Admit","C"
"Female","Admit","C"
"Female","Admit","C"
"Female","Admit","C"
"Female","Admit","C"
"Female","Admit","C"
"Female","Admit","C"
"Female","Admit","C"
"Female","Admit","C"
"Female","Admit","C"
"Female","Admit","C"
"Female","Admit","C"
"Female","Admit","C"
"Female","Admit","C"
"Female","Admit","C"
"Female","Admit","C"
"Female","Admit","C"
"Female","Admit","C"
"Female","Admit","C"
"Female","Admit","C"
"Female","Admit","C"
"Female","Admit","C"
"Female","Admit","C"
"Female","Admit","C"
"Female","Admit","C"
"Female","Admit","C"
"Female","Admit","C"
"Female","Admit","C"
"Female","Admit","C"
"Female","Admit","C"
"Female","Admit","C"
"Female","Admit","C"
"Female","Admit","C"
"Female","Admit","C"
"Female","Admit","C"
"Female","Admit","C"
"Female","Admit","C"
"Female","Admit","C"
"Female","Admit","C"
"Female","Admit","C"
"Female","Admit","C"
"Female","Admit","C"
"Female","Admit","C"
"Female","Admit","C"
"Female","Admit","C"
"Female","Admit","C"
"Female","Admit","C"
"Female","Admit","C"
"Female","Admit","C"
"Female","Admit","C"
"Female","Admit","C"
"Female","Admit","C"
"Female","Admit","C"
"Female","Admit","C"
"Female","Admit","C"
"Female","Admit","C"
"Female","Admit","C"
"Female","Admit","C"
"Female","Admit","C"
"Female","Admit","C"
"Female","Admit","C"
"Female","Admit","C"
"Female","Admit","C"
"Female","Admit","C"
"Female","Admit","C"
"Female","Admit","C"
"Female","Admit","C"
"Female","Admit","C"
"Female","Admit","C"
"Female","Admit","C"
"Female","Admit","C"
"Female","Admit","C"
"Female","Admit","C"
"Female","Admit","C"
"Female","Admit","C"
"Female","Admit","C"
"Female","Admit","C"
"Female","Admit","C"
"Female","Admit","C"
"Female","Admit","C"
"Female","Admit","C"
"Female","Admit","C"
"Female","Admit","C"
"Female","Admit","C"
"Female","Admit","C"
"Female","Admit","C"
"Female","Admit","C"
"Female","Admit","C"
"Female","Admit","C"
"Female","Admit","C"
"Female","Admit","C"
"Female","Admit","C"
"Female","Admit","C"
"Female","Admit","C"
"Female","Admit","C"
"Female","Admit","C"
"Female","Admit","C"
"Female","Admit","C"
"Female","Admit","C"
"Female","Admit","C"
"Female","Admit","C"
"Female","Admit","C"
"Female","Admit","C"
"Female","Admit","C"
"Female","Admit","C"
"Female","Admit","C"
"Female","Admit","C"
"Female","Admit","C"
"Female","Admit","C"
"Female","Admit","C"
"Female","Admit","C"
"Female","Admit","C"
"Female","Admit","C"
"Female","Admit","C"
"Female","Admit","C"
"Female","Admit","C"
"Female","Admit","C"
"Female","Admit","C"
"Female","Admit","C"
"Female","Admit","C"
"Female","Admit","C"
"Female","Admit","C"
"Female","Admit","C"
"Female","Admit","C"
"Female","Admit","C"
"Female","Admit","C"
"Female","Admit","C"
"Female","Admit","C"
"Female","Admit","C"
"Female","Admit","C"
"Female","Admit","C"
"Female","Admit","C"
"Female","Admit","C"
"Female","Admit","C"
"Female","Admit","C"
"Female","Admit","C"
"Female","Admit","C"
"Female","Admit","C"
"Female","Admit","C"
"Female","Admit","C"
"Female","Admit","C"
"Female","Admit","C"
"Female","Admit","C"
"Female","Admit","C"
"Female","Admit","C"
"Female","Admit","C"
"Female","Admit","C"
"Female","Admit","C"
"Female","Admit","C"
"Female","Admit","C"
"Female","Admit","C"
"Female","Admit","C"
"Female","Admit","C"
"Female","Admit","C"
"Female","Admit","C"
"Female","Admit","C"
"Female","Admit","C"
"Female","Admit","C"
"Female","Admit","C"
"Female","Admit","C"
"Female","Admit","C"
"Female","Admit","C"
"Female","Admit","C"
"Female","Admit","C"
"Female","Admit","C"
"Female","Admit","C"
"Female","Admit","C"
"Female","Admit","C"
"Female","Admit","C"
"Female","Admit","C"
"Female","Admit","C"
"Female","Admit","C"
"Female","Admit","C"
"Female","Admit","C"
"Female","Admit","C"
"Female","Admit","C"
"Female","Admit","C"
"Female","Admit","C"
"Female","Admit","C"
"Female","Admit","C"
"Female","Admit","C"
"Female","Admit","C"
"Female","Admit","C"
"Female","Admit","C"
"Female","Admit","C"
"Female","Admit","C"
"Female","Admit","C"
"Female","Admit","C"
"Female","Admit","C"
"Female","Admit","C"
"Female","Admit","C"
"Female","Admit","D"
"Female","Admit","D"
"Female","Admit","D"
"Female","Admit","D"
"Female","Admit","D"
"Female","Admit","D"
"Female","Admit","D"
"Female","Admit","D"
"Female","Admit","D"
"Female","Admit","D"
"Female","Admit","D"
"Female","Admit","D"
"Female","Admit","D"
"Female","Admit","D"
"Female","Admit","D"
"Female","Admit","D"
"Female","Admit","D"
"Female","Admit","D"
"Female","Admit","D"
"Female","Admit","D"
"Female","Admit","D"
"Female","Admit","D"
"Female","Admit","D"
"Female","Admit","D"
"Female","Admit","D"
"Female","Admit","D"
"Female","Admit","D"
"Female","Admit","D"
"Female","Admit","D"
"Female","Admit","D"
"Female","Admit","D"
"Female","Admit","D"
"Female","Admit","D"
"Female","Admit","D"
"Female","Admit","D"
"Female","Admit","D"
"Female","Admit","D"
"Female","Admit","D"
"Female","Admit","D"
"Female","Admit","D"
"Female","Admit","D"
"Female","Admit","D"
"Female","Admit","D"
"Female","Admit","D"
"Female","Admit","D"
"Female","Admit","D"
"Female","Admit","D"
"Female","Admit","D"
"Female","Admit","D"
"Female","Admit","D"
"Female","Admit","D"
"Female","Admit","D"
"Female","Admit","D"
"Female","Admit","D"
"Female","Admit","D"
"Female","Admit","D"
"Female","Admit","D"
"Female","Admit","D"
"Female","Admit","D"
"Female","Admit","D"
"Female","Admit","D"
"Female","Admit","D"
"Female","Admit","D"
"Female","Admit","D"
"Female","Admit","D"
"Female","Admit","D"
"Female","Admit","D"
"Female","Admit","D"
"Female","Admit","D"
"Female","Admit","D"
"Female","Admit","D"
"Female","Admit","D"
"Female","Admit","D"
"Female","Admit","D"
"Female","Admit","D"
"Female","Admit","D"
"Female","Admit","D"
"Female","Admit","D"
"Female","Admit","D"
"Female","Admit","D"
"Female","Admit","D"
"Female","Admit","D"
"Female","Admit","D"
"Female","Admit","D"
"Female","Admit","D"
"Female","Admit","D"
"Female","Admit","D"
"Female","Admit","D"
"Female","Admit","D"
"Female","Admit","D"
"Female","Admit","D"
"Female","Admit","D"
"Female","Admit","D"
"Female","Admit","D"
"Female","Admit","D"
"Female","Admit","D"
"Female","Admit","D"
"Female","Admit","D"
"Female","Admit","D"
"Female","Admit","D"
"Female","Admit","D"
"Female","Admit","D"
"Female","Admit","D"
"Female","Admit","D"
"Female","Admit","D"
"Female","Admit","D"
"Female","Admit","D"
"Female","Admit","D"
"Female","Admit","D"
"Female","Admit","D"
"Female","Admit","D"
"Female","Admit","D"
"Female","Admit","D"
"Female","Admit","D"
"Female","Admit","D"
"Female","Admit","D"
"Female","Admit","D"
"Female","Admit","D"
"Female","Admit","D"
"Female","Admit","D"
"Female","Admit","D"
"Female","Admit","D"
"Female","Admit","D"
"Female","Admit","D"
"Female","Admit","D"
"Female","Admit","D"
"Female","Admit","D"
"Female","Admit","D"
"Female","Admit","D"
"Female","Admit","D"
"Female","Admit","D"
"Female","Admit","E"
"Female","Admit","E"
"Female","Admit","E"
"Female","Admit","E"
"Female","Admit","E"
"Female","Admit","E"
"Female","Admit","E"
"Female","Admit","E"
"Female","Admit","E"
"Female","Admit","E"
"Female","Admit","E"
"Female","Admit","E"
"Female","Admit","E"
"Female","Admit","E"
"Female","Admit","E"
"Female","Admit","E"
"Female","Admit","E"
"Female","Admit","E"
"Female","Admit","E"
"Female","Admit","E"
"Female","Admit","E"
"Female","Admit","E"
"Female","Admit","E"
"Female","Admit","E"
"Female","Admit","E"
"Female","Admit","E"
"Female","Admit","E"
"Female","Admit","E"
"Female","Admit","E"
"Female","Admit","E"
"Female","Admit","E"
"Female","Admit","E"
"Female","Admit","E"
"Female","Admit","E"
"Female","Admit","E"
"Female","Admit","E"
"Female","Admit","E"
"Female","Admit","E"
"Female","Admit","E"
"Female","Admit","E"
"Female","Admit","E"
"Female","Admit","E"
"Female","Admit","E"
"Female","Admit","E"
"Female","Admit","E"
"Female","Admit","E"
"Female","Admit","E"
"Female","Admit","E"
"Female","Admit","E"
"Female","Admit","E"
"Female","Admit","E"
"Female","Admit","E"
"Female","Admit","E"
"Female","Admit","E"
"Female","Admit","E"
"Female","Admit","E"
"Female","Admit","E"
"Female","Admit","E"
"Female","Admit","E"
"Female","Admit","E"
"Female","Admit","E"
"Female","Admit","E"
"Female","Admit","E"
"Female","Admit","E"
"Female","Admit","E"
"Female","Admit","E"
"Female","Admit","E"
"Female","Admit","E"
"Female","Admit","E"
"Female","Admit","E"
"Female","Admit","E"
"Female","Admit","E"
"Female","Admit","E"
"Female","Admit","E"
"Female","Admit","E"
"Female","Admit","E"
"Female","Admit","E"
"Female","Admit","E"
"Female","Admit","E"
"Female","Admit","E"
"Female","Admit","E"
"Female","Admit","E"
"Female","Admit","E"
"Female","Admit","E"
"Female","Admit","E"
"Female","Admit","E"
"Female","Admit","E"
"Female","Admit","E"
"Female","Admit","E"
"Female","Admit","E"
"Female","Admit","E"
"Female","Admit","E"
"Female","Admit","E"
"Female","Admit","E"
"Female","Admit","F"
"Female","Admit","F"
"Female","Admit","F"
"Female","Admit","F"
"Female","Admit","F"
"Female","Admit","F"
"Female","Admit","F"
"Female","Admit","F"
"Female","Admit","F"
"Female","Admit","F"
"Female","Admit","F"
"Female","Admit","F"
"Female","Admit","F"
"Female","Admit","F"
"Female","Admit","F"
"Female","Admit","F"
"Female","Admit","F"
"Female","Admit","F"
"Female","Admit","F"
"Female","Admit","F"
"Female","Admit","F"
"Female","Admit","F"
"Female","Admit","F"
"Female","Admit","F"
"Male","Reject","A"
"Male","Reject","A"
"Male","Reject","A"
"Male","Reject","A"
"Male","Reject","A"
"Male","Reject","A"
"Male","Reject","A"
"Male","Reject","A"
"Male","Reject","A"
"Male","Reject","A"
"Male","Reject","A"
"Male","Reject","A"
"Male","Reject","A"
"Male","Reject","A"
"Male","Reject","A"
"Male","Reject","A"
"Male","Reject","A"
"Male","Reject","A"
"Male","Reject","A"
"Male","Reject","A"
"Male","Reject","A"
"Male","Reject","A"
"Male","Reject","A"
"Male","Reject","A"
"Male","Reject","A"
"Male","Reject","A"
"Male","Reject","A"
"Male","Reject","A"
"Male","Reject","A"
"Male","Reject","A"
"Male","Reject","A"
"Male","Reject","A"
"Male","Reject","A"
"Male","Reject","A"
"Male","Reject","A"
"Male","Reject","A"
"Male","Reject","A"
"Male","Reject","A"
"Male","Reject","A"
"Male","Reject","A"
"Male","Reject","A"
"Male","Reject","A"
"Male","Reject","A"
"Male","Reject","A"
"Male","Reject","A"
"Male","Reject","A"
"Male","Reject","A"
"Male","Reject","A"
"Male","Reject","A"
"Male","Reject","A"
"Male","Reject","A"
"Male","Reject","A"
"Male","Reject","A"
"Male","Reject","A"
"Male","Reject","A"
"Male","Reject","A"
"Male","Reject","A"
"Male","Reject","A"
"Male","Reject","A"
"Male","Reject","A"
"Male","Reject","A"
"Male","Reject","A"
"Male","Reject","A"
"Male","Reject","A"
"Male","Reject","A"
"Male","Reject","A"
"Male","Reject","A"
"Male","Reject","A"
"Male","Reject","A"
"Male","Reject","A"
"Male","Reject","A"
"Male","Reject","A"
"Male","Reject","A"
"Male","Reject","A"
"Male","Reject","A"
"Male","Reject","A"
"Male","Reject","A"
"Male","Reject","A"
"Male","Reject","A"
"Male","Reject","A"
"Male","Reject","A"
"Male","Reject","A"
"Male","Reject","A"
"Male","Reject","A"
"Male","Reject","A"
"Male","Reject","A"
"Male","Reject","A"
"Male","Reject","A"
"Male","Reject","A"
"Male","Reject","A"
"Male","Reject","A"
"Male","Reject","A"
"Male","Reject","A"
"Male","Reject","A"
"Male","Reject","A"
"Male","Reject","A"
"Male","Reject","A"
"Male","Reject","A"
"Male","Reject","A"
"Male","Reject","A"
"Male","Reject","A"
"Male","Reject","A"
"Male","Reject","A"
"Male","Reject","A"
"Male","Reject","A"
"Male","Reject","A"
"Male","Reject","A"
"Male","Reject","A"
"Male","Reject","A"
"Male","Reject","A"
"Male","Reject","A"
"Male","Reject","A"
"Male","Reject","A"
"Male","Reject","A"
"Male","Reject","A"
"Male","Reject","A"
"Male","Reject","A"
"Male","Reject","A"
"Male","Reject","A"
"Male","Reject","A"
"Male","Reject","A"
"Male","Reject","A"
"Male","Reject","A"
"Male","Reject","A"
"Male","Reject","A"
"Male","Reject","A"
"Male","Reject","A"
"Male","Reject","A"
"Male","Reject","A"
"Male","Reject","A"
"Male","Reject","A"
"Male","Reject","A"
"Male","Reject","A"
"Male","Reject","A"
"Male","Reject","A"
"Male","Reject","A"
"Male","Reject","A"
"Male","Reject","A"
"Male","Reject","A"
"Male","Reject","A"
"Male","Reject","A"
"Male","Reject","A"
"Male","Reject","A"
"Male","Reject","A"
"Male","Reject","A"
"Male","Reject","A"
"Male","Reject","A"
"Male","Reject","A"
"Male","Reject","A"
"Male","Reject","A"
"Male","Reject","A"
"Male","Reject","A"
"Male","Reject","A"
"Male","Reject","A"
"Male","Reject","A"
"Male","Reject","A"
"Male","Reject","A"
"Male","Reject","A"
"Male","Reject","A"
"Male","Reject","A"
"Male","Reject","A"
"Male","Reject","A"
"Male","Reject","A"
"Male","Reject","A"
"Male","Reject","A"
"Male","Reject","A"
"Male","Reject","A"
"Male","Reject","A"
"Male","Reject","A"
"Male","Reject","A"
"Male","Reject","A"
"Male","Reject","A"
"Male","Reject","A"
"Male","Reject","A"
"Male","Reject","A"
"Male","Reject","A"
"Male","Reject","A"
"Male","Reject","A"
"Male","Reject","A"
"Male","Reject","A"
"Male","Reject","A"
"Male","Reject","A"
"Male","Reject","A"
"Male","Reject","A"
"Male","Reject","A"
"Male","Reject","A"
"Male","Reject","A"
"Male","Reject","A"
"Male","Reject","A"
"Male","Reject","A"
"Male","Reject","A"
"Male","Reject","A"
"Male","Reject","A"
"Male","Reject","A"
"Male","Reject","A"
"Male","Reject","A"
"Male","Reject","A"
"Male","Reject","A"
"Male","Reject","A"
"Male","Reject","A"
"Male","Reject","A"
"Male","Reject","A"
"Male","Reject","A"
"Male","Reject","A"
"Male","Reject","A"
"Male","Reject","A"
"Male","Reject","A"
"Male","Reject","A"
"Male","Reject","A"
"Male","Reject","A"
"Male","Reject","A"
"Male","Reject","A"
"Male","Reject","A"
"Male","Reject","A"
"Male","Reject","A"
"Male","Reject","A"
"Male","Reject","A"
"Male","Reject","A"
"Male","Reject","A"
"Male","Reject","A"
"Male","Reject","A"
"Male","Reject","A"
"Male","Reject","A"
"Male","Reject","A"
"Male","Reject","A"
"Male","Reject","A"
"Male","Reject","A"
"Male","Reject","A"
"Male","Reject","A"
"Male","Reject","A"
"Male","Reject","A"
"Male","Reject","A"
"Male","Reject","A"
"Male","Reject","A"
"Male","Reject","A"
"Male","Reject","A"
"Male","Reject","A"
"Male","Reject","A"
"Male","Reject","A"
"Male","Reject","A"
"Male","Reject","A"
"Male","Reject","A"
"Male","Reject","A"
"Male","Reject","A"
"Male","Reject","A"
"Male","Reject","A"
"Male","Reject","A"
"Male","Reject","A"
"Male","Reject","A"
"Male","Reject","A"
"Male","Reject","A"
"Male","Reject","A"
"Male","Reject","A"
"Male","Reject","A"
"Male","Reject","A"
"Male","Reject","A"
"Male","Reject","A"
"Male","Reject","A"
"Male","Reject","A"
"Male","Reject","A"
"Male","Reject","A"
"Male","Reject","A"
"Male","Reject","A"
"Male","Reject","A"
"Male","Reject","A"
"Male","Reject","A"
"Male","Reject","A"
"Male","Reject","A"
"Male","Reject","A"
"Male","Reject","A"
"Male","Reject","A"
"Male","Reject","A"
"Male","Reject","A"
"Male","Reject","A"
"Male","Reject","A"
"Male","Reject","A"
"Male","Reject","A"
"Male","Reject","A"
"Male","Reject","A"
"Male","Reject","A"
"Male","Reject","A"
"Male","Reject","A"
"Male","Reject","A"
"Male","Reject","A"
"Male","Reject","A"
"Male","Reject","A"
"Male","Reject","A"
"Male","Reject","A"
"Male","Reject","A"
"Male","Reject","A"
"Male","Reject","A"
"Male","Reject","A"
"Male","Reject","A"
"Male","Reject","A"
"Male","Reject","A"
"Male","Reject","A"
"Male","Reject","A"
"Male","Reject","A"
"Male","Reject","A"
"Male","Reject","A"
"Male","Reject","A"
"Male","Reject","A"
"Male","Reject","A"
"Male","Reject","A"
"Male","Reject","A"
"Male","Reject","A"
"Male","Reject","A"
"Male","Reject","A"
"Male","Reject","A"
"Male","Reject","A"
"Male","Reject","A"
"Male","Reject","A"
"Male","Reject","A"
"Male","Reject","B"
"Male","Reject","B"
"Male","Reject","B"
"Male","Reject","B"
"Male","Reject","B"
"Male","Reject","B"
"Male","Reject","B"
"Male","Reject","B"
"Male","Reject","B"
"Male","Reject","B"
"Male","Reject","B"
"Male","Reject","B"
"Male","Reject","B"
"Male","Reject","B"
"Male","Reject","B"
"Male","Reject","B"
"Male","Reject","B"
"Male","Reject","B"
"Male","Reject","B"
"Male","Reject","B"
"Male","Reject","B"
"Male","Reject","B"
"Male","Reject","B"
"Male","Reject","B"
"Male","Reject","B"
"Male","Reject","B"
"Male","Reject","B"
"Male","Reject","B"
"Male","Reject","B"
"Male","Reject","B"
"Male","Reject","B"
"Male","Reject","B"
"Male","Reject","B"
"Male","Reject","B"
"Male","Reject","B"
"Male","Reject","B"
"Male","Reject","B"
"Male","Reject","B"
"Male","Reject","B"
"Male","Reject","B"
"Male","Reject","B"
"Male","Reject","B"
"Male","Reject","B"
"Male","Reject","B"
"Male","Reject","B"
"Male","Reject","B"
"Male","Reject","B"
"Male","Reject","B"
"Male","Reject","B"
"Male","Reject","B"
"Male","Reject","B"
"Male","Reject","B"
"Male","Reject","B"
"Male","Reject","B"
"Male","Reject","B"
"Male","Reject","B"
"Male","Reject","B"
"Male","Reject","B"
"Male","Reject","B"
"Male","Reject","B"
"Male","Reject","B"
"Male","Reject","B"
"Male","Reject","B"
"Male","Reject","B"
"Male","Reject","B"
"Male","Reject","B"
"Male","Reject","B"
"Male","Reject","B"
"Male","Reject","B"
"Male","Reject","B"
"Male","Reject","B"
"Male","Reject","B"
"Male","Reject","B"
"Male","Reject","B"
"Male","Reject","B"
"Male","Reject","B"
"Male","Reject","B"
"Male","Reject","B"
"Male","Reject","B"
"Male","Reject","B"
"Male","Reject","B"
"Male","Reject","B"
"Male","Reject","B"
"Male","Reject","B"
"Male","Reject","B"
"Male","Reject","B"
"Male","Reject","B"
"Male","Reject","B"
"Male","Reject","B"
"Male","Reject","B"
"Male","Reject","B"
"Male","Reject","B"
"Male","Reject","B"
"Male","Reject","B"
"Male","Reject","B"
"Male","Reject","B"
"Male","Reject","B"
"Male","Reject","B"
"Male","Reject","B"
"Male","Reject","B"
"Male","Reject","B"
"Male","Reject","B"
"Male","Reject","B"
"Male","Reject","B"
"Male","Reject","B"
"Male","Reject","B"
"Male","Reject","B"
"Male","Reject","B"
"Male","Reject","B"
"Male","Reject","B"
"Male","Reject","B"
"Male","Reject","B"
"Male","Reject","B"
"Male","Reject","B"
"Male","Reject","B"
"Male","Reject","B"
"Male","Reject","B"
"Male","Reject","B"
"Male","Reject","B"
"Male","Reject","B"
"Male","Reject","B"
"Male","Reject","B"
"Male","Reject","B"
"Male","Reject","B"
"Male","Reject","B"
"Male","Reject","B"
"Male","Reject","B"
"Male","Reject","B"
"Male","Reject","B"
"Male","Reject","B"
"Male","Reject","B"
"Male","Reject","B"
"Male","Reject","B"
"Male","Reject","B"
"Male","Reject","B"
"Male","Reject","B"
"Male","Reject","B"
"Male","Reject","B"
"Male","Reject","B"
"Male","Reject","B"
"Male","Reject","B"
"Male","Reject","B"
"Male","Reject","B"
"Male","Reject","B"
"Male","Reject","B"
"Male","Reject","B"
"Male","Reject","B"
"Male","Reject","B"
"Male","Reject","B"
"Male","Reject","B"
"Male","Reject","B"
"Male","Reject","B"
"Male","Reject","B"
"Male","Reject","B"
"Male","Reject","B"
"Male","Reject","B"
"Male","Reject","B"
"Male","Reject","B"
"Male","Reject","B"
"Male","Reject","B"
"Male","Reject","B"
"Male","Reject","B"
"Male","Reject","B"
"Male","Reject","B"
"Male","Reject","B"
"Male","Reject","B"
"Male","Reject","B"
"Male","Reject","B"
"Male","Reject","B"
"Male","Reject","B"
"Male","Reject","B"
"Male","Reject","B"
"Male","Reject","B"
"Male","Reject","B"
"Male","Reject","B"
"Male","Reject","B"
"Male","Reject","B"
"Male","Reject","B"
"Male","Reject","B"
"Male","Reject","B"
"Male","Reject","B"
"Male","Reject","B"
"Male","Reject","B"
"Male","Reject","B"
"Male","Reject","B"
"Male","Reject","B"
"Male","Reject","B"
"Male","Reject","B"
"Male","Reject","B"
"Male","Reject","B"
"Male","Reject","B"
"Male","Reject","B"
"Male","Reject","B"
"Male","Reject","B"
"Male","Reject","B"
"Male","Reject","B"
"Male","Reject","B"
"Male","Reject","B"
"Male","Reject","B"
"Male","Reject","B"
"Male","Reject","B"
"Male","Reject","B"
"Male","Reject","B"
"Male","Reject","B"
"Male","Reject","B"
"Male","Reject","B"
"Male","Reject","B"
"Male","Reject","C"
"Male","Reject","C"
"Male","Reject","C"
"Male","Reject","C"
"Male","Reject","C"
"Male","Reject","C"
"Male","Reject","C"
"Male","Reject","C"
"Male","Reject","C"
"Male","Reject","C"
"Male","Reject","C"
"Male","Reject","C"
"Male","Reject","C"
"Male","Reject","C"
"Male","Reject","C"
"Male","Reject","C"
"Male","Reject","C"
"Male","Reject","C"
"Male","Reject","C"
"Male","Reject","C"
"Male","Reject","C"
"Male","Reject","C"
"Male","Reject","C"
"Male","Reject","C"
"Male","Reject","C"
"Male","Reject","C"
"Male","Reject","C"
"Male","Reject","C"
"Male","Reject","C"
"Male","Reject","C"
"Male","Reject","C"
"Male","Reject","C"
"Male","Reject","C"
"Male","Reject","C"
"Male","Reject","C"
"Male","Reject","C"
"Male","Reject","C"
"Male","Reject","C"
"Male","Reject","C"
"Male","Reject","C"
"Male","Reject","C"
"Male","Reject","C"
"Male","Reject","C"
"Male","Reject","C"
"Male","Reject","C"
"Male","Reject","C"
"Male","Reject","C"
"Male","Reject","C"
"Male","Reject","C"
"Male","Reject","C"
"Male","Reject","C"
"Male","Reject","C"
"Male","Reject","C"
"Male","Reject","C"
"Male","Reject","C"
"Male","Reject","C"
"Male","Reject","C"
"Male","Reject","C"
"Male","Reject","C"
"Male","Reject","C"
"Male","Reject","C"
"Male","Reject","C"
"Male","Reject","C"
"Male","Reject","C"
"Male","Reject","C"
"Male","Reject","C"
"Male","Reject","C"
"Male","Reject","C"
"Male","Reject","C"
"Male","Reject","C"
"Male","Reject","C"
"Male","Reject","C"
"Male","Reject","C"
"Male","Reject","C"
"Male","Reject","C"
"Male","Reject","C"
"Male","Reject","C"
"Male","Reject","C"
"Male","Reject","C"
"Male","Reject","C"
"Male","Reject","C"
"Male","Reject","C"
"Male","Reject","C"
"Male","Reject","C"
"Male","Reject","C"
"Male","Reject","C"
"Male","Reject","C"
"Male","Reject","C"
"Male","Reject","C"
"Male","Reject","C"
"Male","Reject","C"
"Male","Reject","C"
"Male","Reject","C"
"Male","Reject","C"
"Male","Reject","C"
"Male","Reject","C"
"Male","Reject","C"
"Male","Reject","C"
"Male","Reject","C"
"Male","Reject","C"
"Male","Reject","C"
"Male","Reject","C"
"Male","Reject","C"
"Male","Reject","C"
"Male","Reject","C"
"Male","Reject","C"
"Male","Reject","C"
"Male","Reject","C"
"Male","Reject","C"
"Male","Reject","C"
"Male","Reject","C"
"Male","Reject","C"
"Male","Reject","C"
"Male","Reject","C"
"Male","Reject","C"
"Male","Reject","C"
"Male","Reject","C"
"Male","Reject","C"
"Male","Reject","C"
"Male","Reject","C"
"Male","Reject","C"
"Male","Reject","C"
"Male","Reject","C"
"Male","Reject","C"
"Male","Reject","C"
"Male","Reject","C"
"Male","Reject","C"
"Male","Reject","C"
"Male","Reject","C"
"Male","Reject","C"
"Male","Reject","C"
"Male","Reject","C"
"Male","Reject","C"
"Male","Reject","C"
"Male","Reject","C"
"Male","Reject","C"
"Male","Reject","C"
"Male","Reject","C"
"Male","Reject","C"
"Male","Reject","C"
"Male","Reject","C"
"Male","Reject","C"
"Male","Reject","C"
"Male","Reject","C"
"Male","Reject","C"
"Male","Reject","C"
"Male","Reject","C"
"Male","Reject","C"
"Male","Reject","C"
"Male","Reject","C"
"Male","Reject","C"
"Male","Reject","C"
"Male","Reject","C"
"Male","Reject","C"
"Male","Reject","C"
"Male","Reject","C"
"Male","Reject","C"
"Male","Reject","C"
"Male","Reject","C"
"Male","Reject","C"
"Male","Reject","C"
"Male","Reject","C"
"Male","Reject","C"
"Male","Reject","C"
"Male","Reject","C"
"Male","Reject","C"
"Male","Reject","C"
"Male","Reject","C"
"Male","Reject","C"
"Male","Reject","C"
"Male","Reject","C"
"Male","Reject","C"
"Male","Reject","C"
"Male","Reject","C"
"Male","Reject","C"
"Male","Reject","C"
"Male","Reject","C"
"Male","Reject","C"
"Male","Reject","C"
"Male","Reject","C"
"Male","Reject","C"
"Male","Reject","C"
"Male","Reject","C"
"Male","Reject","C"
"Male","Reject","C"
"Male","Reject","C"
"Male","Reject","C"
"Male","Reject","C"
"Male","Reject","C"
"Male","Reject","C"
"Male","Reject","C"
"Male","Reject","C"
"Male","Reject","C"
"Male","Reject","C"
"Male","Reject","C"
"Male","Reject","C"
"Male","Reject","C"
"Male","Reject","C"
"Male","Reject","C"
"Male","Reject","C"
"Male","Reject","C"
"Male","Reject","C"
"Male","Reject","C"
"Male","Reject","C"
"Male","Reject","C"
"Male","Reject","D"
"Male","Reject","D"
"Male","Reject","D"
"Male","Reject","D"
"Male","Reject","D"
"Male","Reject","D"
"Male","Reject","D"
"Male","Reject","D"
"Male","Reject","D"
"Male","Reject","D"
"Male","Reject","D"
"Male","Reject","D"
"Male","Reject","D"
"Male","Reject","D"
"Male","Reject","D"
"Male","Reject","D"
"Male","Reject","D"
"Male","Reject","D"
"Male","Reject","D"
"Male","Reject","D"
"Male","Reject","D"
"Male","Reject","D"
"Male","Reject","D"
"Male","Reject","D"
"Male","Reject","D"
"Male","Reject","D"
"Male","Reject","D"
"Male","Reject","D"
"Male","Reject","D"
"Male","Reject","D"
"Male","Reject","D"
"Male","Reject","D"
"Male","Reject","D"
"Male","Reject","D"
"Male","Reject","D"
"Male","Reject","D"
"Male","Reject","D"
"Male","Reject","D"
"Male","Reject","D"
"Male","Reject","D"
"Male","Reject","D"
"Male","Reject","D"
"Male","Reject","D"
"Male","Reject","D"
"Male","Reject","D"
"Male","Reject","D"
"Male","Reject","D"
"Male","Reject","D"
"Male","Reject","D"
"Male","Reject","D"
"Male","Reject","D"
"Male","Reject","D"
"Male","Reject","D"
"Male","Reject","D"
"Male","Reject","D"
"Male","Reject","D"
"Male","Reject","D"
"Male","Reject","D"
"Male","Reject","D"
"Male","Reject","D"
"Male","Reject","D"
"Male","Reject","D"
"Male","Reject","D"
"Male","Reject","D"
"Male","Reject","D"
"Male","Reject","D"
"Male","Reject","D"
"Male","Reject","D"
"Male","Reject","D"
"Male","Reject","D"
"Male","Reject","D"
"Male","Reject","D"
"Male","Reject","D"
"Male","Reject","D"
"Male","Reject","D"
"Male","Reject","D"
"Male","Reject","D"
"Male","Reject","D"
"Male","Reject","D"
"Male","Reject","D"
"Male","Reject","D"
"Male","Reject","D"
"Male","Reject","D"
"Male","Reject","D"
"Male","Reject","D"
"Male","Reject","D"
"Male","Reject","D"
"Male","Reject","D"
"Male","Reject","D"
"Male","Reject","D"
"Male","Reject","D"
"Male","Reject","D"
"Male","Reject","D"
"Male","Reject","D"
"Male","Reject","D"
"Male","Reject","D"
"Male","Reject","D"
"Male","Reject","D"
"Male","Reject","D"
"Male","Reject","D"
"Male","Reject","D"
"Male","Reject","D"
"Male","Reject","D"
"Male","Reject","D"
"Male","Reject","D"
"Male","Reject","D"
"Male","Reject","D"
"Male","Reject","D"
"Male","Reject","D"
"Male","Reject","D"
"Male","Reject","D"
"Male","Reject","D"
"Male","Reject","D"
"Male","Reject","D"
"Male","Reject","D"
"Male","Reject","D"
"Male","Reject","D"
"Male","Reject","D"
"Male","Reject","D"
"Male","Reject","D"
"Male","Reject","D"
"Male","Reject","D"
"Male","Reject","D"
"Male","Reject","D"
"Male","Reject","D"
"Male","Reject","D"
"Male","Reject","D"
"Male","Reject","D"
"Male","Reject","D"
"Male","Reject","D"
"Male","Reject","D"
"Male","Reject","D"
"Male","Reject","D"
"Male","Reject","D"
"Male","Reject","D"
"Male","Reject","D"
"Male","Reject","D"
"Male","Reject","D"
"Male","Reject","D"
"Male","Reject","D"
"Male","Reject","D"
"Male","Reject","D"
"Male","Reject","D"
"Male","Reject","D"
"Male","Reject","D"
"Male","Reject","D"
"Male","Reject","D"
"Male","Reject","D"
"Male","Reject","D"
"Male","Reject","D"
"Male","Reject","D"
"Male","Reject","D"
"Male","Reject","D"
"Male","Reject","D"
"Male","Reject","D"
"Male","Reject","D"
"Male","Reject","D"
"Male","Reject","D"
"Male","Reject","D"
"Male","Reject","D"
"Male","Reject","D"
"Male","Reject","D"
"Male","Reject","D"
"Male","Reject","D"
"Male","Reject","D"
"Male","Reject","D"
"Male","Reject","D"
"Male","Reject","D"
"Male","Reject","D"
"Male","Reject","D"
"Male","Reject","D"
"Male","Reject","D"
"Male","Reject","D"
"Male","Reject","D"
"Male","Reject","D"
"Male","Reject","D"
"Male","Reject","D"
"Male","Reject","D"
"Male","Reject","D"
"Male","Reject","D"
"Male","Reject","D"
"Male","Reject","D"
"Male","Reject","D"
"Male","Reject","D"
"Male","Reject","D"
"Male","Reject","D"
"Male","Reject","D"
"Male","Reject","D"
"Male","Reject","D"
"Male","Reject","D"
"Male","Reject","D"
"Male","Reject","D"
"Male","Reject","D"
"Male","Reject","D"
"Male","Reject","D"
"Male","Reject","D"
"Male","Reject","D"
"Male","Reject","D"
"Male","Reject","D"
"Male","Reject","D"
"Male","Reject","D"
"Male","Reject","D"
"Male","Reject","D"
"Male","Reject","D"
"Male","Reject","D"
"Male","Reject","D"
"Male","Reject","D"
"Male","Reject","D"
"Male","Reject","D"
"Male","Reject","D"
"Male","Reject","D"
"Male","Reject","D"
"Male","Reject","D"
"Male","Reject","D"
"Male","Reject","D"
"Male","Reject","D"
"Male","Reject","D"
"Male","Reject","D"
"Male","Reject","D"
"Male","Reject","D"
"Male","Reject","D"
"Male","Reject","D"
"Male","Reject","D"
"Male","Reject","D"
"Male","Reject","D"
"Male","Reject","D"
"Male","Reject","D"
"Male","Reject","D"
"Male","Reject","D"
"Male","Reject","D"
"Male","Reject","D"
"Male","Reject","D"
"Male","Reject","D"
"Male","Reject","D"
"Male","Reject","D"
"Male","Reject","D"
"Male","Reject","D"
"Male","Reject","D"
"Male","Reject","D"
"Male","Reject","D"
"Male","Reject","D"
"Male","Reject","D"
"Male","Reject","D"
"Male","Reject","D"
"Male","Reject","D"
"Male","Reject","D"
"Male","Reject","D"
"Male","Reject","D"
"Male","Reject","D"
"Male","Reject","D"
"Male","Reject","D"
"Male","Reject","D"
"Male","Reject","D"
"Male","Reject","D"
"Male","Reject","D"
"Male","Reject","D"
"Male","Reject","D"
"Male","Reject","D"
"Male","Reject","D"
"Male","Reject","D"
"Male","Reject","D"
"Male","Reject","D"
"Male","Reject","D"
"Male","Reject","D"
"Male","Reject","D"
"Male","Reject","D"
"Male","Reject","D"
"Male","Reject","D"
"Male","Reject","D"
"Male","Reject","D"
"Male","Reject","D"
"Male","Reject","D"
"Male","Reject","D"
"Male","Reject","D"
"Male","Reject","D"
"Male","Reject","D"
"Male","Reject","D"
"Male","Reject","D"
"Male","Reject","D"
"Male","Reject","E"
"Male","Reject","E"
"Male","Reject","E"
"Male","Reject","E"
"Male","Reject","E"
"Male","Reject","E"
"Male","Reject","E"
"Male","Reject","E"
"Male","Reject","E"
"Male","Reject","E"
"Male","Reject","E"
"Male","Reject","E"
"Male","Reject","E"
"Male","Reject","E"
"Male","Reject","E"
"Male","Reject","E"
"Male","Reject","E"
"Male","Reject","E"
"Male","Reject","E"
"Male","Reject","E"
"Male","Reject","E"
"Male","Reject","E"
"Male","Reject","E"
"Male","Reject","E"
"Male","Reject","E"
"Male","Reject","E"
"Male","Reject","E"
"Male","Reject","E"
"Male","Reject","E"
"Male","Reject","E"
"Male","Reject","E"
"Male","Reject","E"
"Male","Reject","E"
"Male","Reject","E"
"Male","Reject","E"
"Male","Reject","E"
"Male","Reject","E"
"Male","Reject","E"
"Male","Reject","E"
"Male","Reject","E"
"Male","Reject","E"
"Male","Reject","E"
"Male","Reject","E"
"Male","Reject","E"
"Male","Reject","E"
"Male","Reject","E"
"Male","Reject","E"
"Male","Reject","E"
"Male","Reject","E"
"Male","Reject","E"
"Male","Reject","E"
"Male","Reject","E"
"Male","Reject","E"
"Male","Reject","E"
"Male","Reject","E"
"Male","Reject","E"
"Male","Reject","E"
"Male","Reject","E"
"Male","Reject","E"
"Male","Reject","E"
"Male","Reject","E"
"Male","Reject","E"
"Male","Reject","E"
"Male","Reject","E"
"Male","Reject","E"
"Male","Reject","E"
"Male","Reject","E"
"Male","Reject","E"
"Male","Reject","E"
"Male","Reject","E"
"Male","Reject","E"
"Male","Reject","E"
"Male","Reject","E"
"Male","Reject","E"
"Male","Reject","E"
"Male","Reject","E"
"Male","Reject","E"
"Male","Reject","E"
"Male","Reject","E"
"Male","Reject","E"
"Male","Reject","E"
"Male","Reject","E"
"Male","Reject","E"
"Male","Reject","E"
"Male","Reject","E"
"Male","Reject","E"
"Male","Reject","E"
"Male","Reject","E"
"Male","Reject","E"
"Male","Reject","E"
"Male","Reject","E"
"Male","Reject","E"
"Male","Reject","E"
"Male","Reject","E"
"Male","Reject","E"
"Male","Reject","E"
"Male","Reject","E"
"Male","Reject","E"
"Male","Reject","E"
"Male","Reject","E"
"Male","Reject","E"
"Male","Reject","E"
"Male","Reject","E"
"Male","Reject","E"
"Male","Reject","E"
"Male","Reject","E"
"Male","Reject","E"
"Male","Reject","E"
"Male","Reject","E"
"Male","Reject","E"
"Male","Reject","E"
"Male","Reject","E"
"Male","Reject","E"
"Male","Reject","E"
"Male","Reject","E"
"Male","Reject","E"
"Male","Reject","E"
"Male","Reject","E"
"Male","Reject","E"
"Male","Reject","E"
"Male","Reject","E"
"Male","Reject","E"
"Male","Reject","E"
"Male","Reject","E"
"Male","Reject","E"
"Male","Reject","E"
"Male","Reject","E"
"Male","Reject","E"
"Male","Reject","E"
"Male","Reject","E"
"Male","Reject","E"
"Male","Reject","E"
"Male","Reject","E"
"Male","Reject","E"
"Male","Reject","E"
"Male","Reject","E"
"Male","Reject","E"
"Male","Reject","E"
"Male","Reject","E"
"Male","Reject","E"
"Male","Reject","E"
"Male","Reject","F"
"Male","Reject","F"
"Male","Reject","F"
"Male","Reject","F"
"Male","Reject","F"
"Male","Reject","F"
"Male","Reject","F"
"Male","Reject","F"
"Male","Reject","F"
"Male","Reject","F"
"Male","Reject","F"
"Male","Reject","F"
"Male","Reject","F"
"Male","Reject","F"
"Male","Reject","F"
"Male","Reject","F"
"Male","Reject","F"
"Male","Reject","F"
"Male","Reject","F"
"Male","Reject","F"
"Male","Reject","F"
"Male","Reject","F"
"Male","Reject","F"
"Male","Reject","F"
"Male","Reject","F"
"Male","Reject","F"
"Male","Reject","F"
"Male","Reject","F"
"Male","Reject","F"
"Male","Reject","F"
"Male","Reject","F"
"Male","Reject","F"
"Male","Reject","F"
"Male","Reject","F"
"Male","Reject","F"
"Male","Reject","F"
"Male","Reject","F"
"Male","Reject","F"
"Male","Reject","F"
"Male","Reject","F"
"Male","Reject","F"
"Male","Reject","F"
"Male","Reject","F"
"Male","Reject","F"
"Male","Reject","F"
"Male","Reject","F"
"Male","Reject","F"
"Male","Reject","F"
"Male","Reject","F"
"Male","Reject","F"
"Male","Reject","F"
"Male","Reject","F"
"Male","Reject","F"
"Male","Reject","F"
"Male","Reject","F"
"Male","Reject","F"
"Male","Reject","F"
"Male","Reject","F"
"Male","Reject","F"
"Male","Reject","F"
"Male","Reject","F"
"Male","Reject","F"
"Male","Reject","F"
"Male","Reject","F"
"Male","Reject","F"
"Male","Reject","F"
"Male","Reject","F"
"Male","Reject","F"
"Male","Reject","F"
"Male","Reject","F"
"Male","Reject","F"
"Male","Reject","F"
"Male","Reject","F"
"Male","Reject","F"
"Male","Reject","F"
"Male","Reject","F"
"Male","Reject","F"
"Male","Reject","F"
"Male","Reject","F"
"Male","Reject","F"
"Male","Reject","F"
"Male","Reject","F"
"Male","Reject","F"
"Male","Reject","F"
"Male","Reject","F"
"Male","Reject","F"
"Male","Reject","F"
"Male","Reject","F"
"Male","Reject","F"
"Male","Reject","F"
"Male","Reject","F"
"Male","Reject","F"
"Male","Reject","F"
"Male","Reject","F"
"Male","Reject","F"
"Male","Reject","F"
"Male","Reject","F"
"Male","Reject","F"
"Male","Reject","F"
"Male","Reject","F"
"Male","Reject","F"
"Male","Reject","F"
"Male","Reject","F"
"Male","Reject","F"
"Male","Reject","F"
"Male","Reject","F"
"Male","Reject","F"
"Male","Reject","F"
"Male","Reject","F"
"Male","Reject","F"
"Male","Reject","F"
"Male","Reject","F"
"Male","Reject","F"
"Male","Reject","F"
"Male","Reject","F"
"Male","Reject","F"
"Male","Reject","F"
"Male","Reject","F"
"Male","Reject","F"
"Male","Reject","F"
"Male","Reject","F"
"Male","Reject","F"
"Male","Reject","F"
"Male","Reject","F"
"Male","Reject","F"
"Male","Reject","F"
"Male","Reject","F"
"Male","Reject","F"
"Male","Reject","F"
"Male","Reject","F"
"Male","Reject","F"
"Male","Reject","F"
"Male","Reject","F"
"Male","Reject","F"
"Male","Reject","F"
"Male","Reject","F"
"Male","Reject","F"
"Male","Reject","F"
"Male","Reject","F"
"Male","Reject","F"
"Male","Reject","F"
"Male","Reject","F"
"Male","Reject","F"
"Male","Reject","F"
"Male","Reject","F"
"Male","Reject","F"
"Male","Reject","F"
"Male","Reject","F"
"Male","Reject","F"
"Male","Reject","F"
"Male","Reject","F"
"Male","Reject","F"
"Male","Reject","F"
"Male","Reject","F"
"Male","Reject","F"
"Male","Reject","F"
"Male","Reject","F"
"Male","Reject","F"
"Male","Reject","F"
"Male","Reject","F"
"Male","Reject","F"
"Male","Reject","F"
"Male","Reject","F"
"Male","Reject","F"
"Male","Reject","F"
"Male","Reject","F"
"Male","Reject","F"
"Male","Reject","F"
"Male","Reject","F"
"Male","Reject","F"
"Male","Reject","F"
"Male","Reject","F"
"Male","Reject","F"
"Male","Reject","F"
"Male","Reject","F"
"Male","Reject","F"
"Male","Reject","F"
"Male","Reject","F"
"Male","Reject","F"
"Male","Reject","F"
"Male","Reject","F"
"Male","Reject","F"
"Male","Reject","F"
"Male","Reject","F"
"Male","Reject","F"
"Male","Reject","F"
"Male","Reject","F"
"Male","Reject","F"
"Male","Reject","F"
"Male","Reject","F"
"Male","Reject","F"
"Male","Reject","F"
"Male","Reject","F"
"Male","Reject","F"
"Male","Reject","F"
"Male","Reject","F"
"Male","Reject","F"
"Male","Reject","F"
"Male","Reject","F"
"Male","Reject","F"
"Male","Reject","F"
"Male","Reject","F"
"Male","Reject","F"
"Male","Reject","F"
"Male","Reject","F"
"Male","Reject","F"
"Male","Reject","F"
"Male","Reject","F"
"Male","Reject","F"
"Male","Reject","F"
"Male","Reject","F"
"Male","Reject","F"
"Male","Reject","F"
"Male","Reject","F"
"Male","Reject","F"
"Male","Reject","F"
"Male","Reject","F"
"Male","Reject","F"
"Male","Reject","F"
"Male","Reject","F"
"Male","Reject","F"
"Male","Reject","F"
"Male","Reject","F"
"Male","Reject","F"
"Male","Reject","F"
"Male","Reject","F"
"Male","Reject","F"
"Male","Reject","F"
"Male","Reject","F"
"Male","Reject","F"
"Male","Reject","F"
"Male","Reject","F"
"Male","Reject","F"
"Male","Reject","F"
"Male","Reject","F"
"Male","Reject","F"
"Male","Reject","F"
"Male","Reject","F"
"Male","Reject","F"
"Male","Reject","F"
"Male","Reject","F"
"Male","Reject","F"
"Male","Reject","F"
"Male","Reject","F"
"Male","Reject","F"
"Male","Reject","F"
"Male","Reject","F"
"Male","Reject","F"
"Male","Reject","F"
"Male","Reject","F"
"Male","Reject","F"
"Male","Reject","F"
"Male","Reject","F"
"Male","Reject","F"
"Male","Reject","F"
"Male","Reject","F"
"Male","Reject","F"
"Male","Reject","F"
"Male","Reject","F"
"Male","Reject","F"
"Male","Reject","F"
"Male","Reject","F"
"Male","Reject","F"
"Male","Reject","F"
"Male","Reject","F"
"Male","Reject","F"
"Male","Reject","F"
"Male","Reject","F"
"Male","Reject","F"
"Male","Reject","F"
"Male","Reject","F"
"Male","Reject","F"
"Male","Reject","F"
"Male","Reject","F"
"Male","Reject","F"
"Male","Reject","F"
"Male","Reject","F"
"Male","Reject","F"
"Male","Reject","F"
"Male","Reject","F"
"Male","Reject","F"
"Male","Reject","F"
"Male","Reject","F"
"Male","Reject","F"
"Male","Reject","F"
"Male","Reject","F"
"Male","Reject","F"
"Male","Reject","F"
"Male","Reject","F"
"Male","Reject","F"
"Male","Reject","F"
"Male","Reject","F"
"Male","Reject","F"
"Male","Reject","F"
"Male","Reject","F"
"Male","Reject","F"
"Male","Reject","F"
"Male","Reject","F"
"Male","Reject","F"
"Male","Reject","F"
"Male","Reject","F"
"Male","Reject","F"
"Male","Reject","F"
"Male","Reject","F"
"Male","Reject","F"
"Male","Reject","F"
"Male","Reject","F"
"Male","Reject","F"
"Male","Reject","F"
"Male","Reject","F"
"Male","Reject","F"
"Male","Reject","F"
"Male","Reject","F"
"Male","Reject","F"
"Male","Reject","F"
"Male","Reject","F"
"Male","Reject","F"
"Male","Reject","F"
"Male","Reject","F"
"Male","Reject","F"
"Male","Reject","F"
"Male","Reject","F"
"Male","Reject","F"
"Male","Reject","F"
"Male","Reject","F"
"Male","Reject","F"
"Male","Reject","F"
"Male","Reject","F"
"Male","Reject","F"
"Male","Reject","F"
"Male","Reject","F"
"Male","Reject","F"
"Male","Reject","F"
"Male","Reject","F"
"Male","Reject","F"
"Male","Reject","F"
"Male","Reject","F"
"Male","Reject","F"
"Male","Reject","F"
"Male","Reject","F"
"Male","Reject","F"
"Male","Reject","F"
"Male","Reject","F"
"Male","Reject","F"
"Male","Reject","F"
"Male","Reject","F"
"Male","Reject","F"
"Male","Reject","F"
"Male","Reject","F"
"Male","Reject","F"
"Male","Reject","F"
"Female","Reject","A"
"Female","Reject","A"
"Female","Reject","A"
"Female","Reject","A"
"Female","Reject","A"
"Female","Reject","A"
"Female","Reject","A"
"Female","Reject","A"
"Female","Reject","A"
"Female","Reject","A"
"Female","Reject","A"
"Female","Reject","A"
"Female","Reject","A"
"Female","Reject","A"
"Female","Reject","A"
"Female","Reject","A"
"Female","Reject","A"
"Female","Reject","A"
"Female","Reject","A"
"Female","Reject","B"
"Female","Reject","B"
"Female","Reject","B"
"Female","Reject","B"
"Female","Reject","B"
"Female","Reject","B"
"Female","Reject","B"
"Female","Reject","B"
"Female","Reject","C"
"Female","Reject","C"
"Female","Reject","C"
"Female","Reject","C"
"Female","Reject","C"
"Female","Reject","C"
"Female","Reject","C"
"Female","Reject","C"
"Female","Reject","C"
"Female","Reject","C"
"Female","Reject","C"
"Female","Reject","C"
"Female","Reject","C"
"Female","Reject","C"
"Female","Reject","C"
"Female","Reject","C"
"Female","Reject","C"
"Female","Reject","C"
"Female","Reject","C"
"Female","Reject","C"
"Female","Reject","C"
"Female","Reject","C"
"Female","Reject","C"
"Female","Reject","C"
"Female","Reject","C"
"Female","Reject","C"
"Female","Reject","C"
"Female","Reject","C"
"Female","Reject","C"
"Female","Reject","C"
"Female","Reject","C"
"Female","Reject","C"
"Female","Reject","C"
"Female","Reject","C"
"Female","Reject","C"
"Female","Reject","C"
"Female","Reject","C"
"Female","Reject","C"
"Female","Reject","C"
"Female","Reject","C"
"Female","Reject","C"
"Female","Reject","C"
"Female","Reject","C"
"Female","Reject","C"
"Female","Reject","C"
"Female","Reject","C"
"Female","Reject","C"
"Female","Reject","C"
"Female","Reject","C"
"Female","Reject","C"
"Female","Reject","C"
"Female","Reject","C"
"Female","Reject","C"
"Female","Reject","C"
"Female","Reject","C"
"Female","Reject","C"
"Female","Reject","C"
"Female","Reject","C"
"Female","Reject","C"
"Female","Reject","C"
"Female","Reject","C"
"Female","Reject","C"
"Female","Reject","C"
"Female","Reject","C"
"Female","Reject","C"
"Female","Reject","C"
"Female","Reject","C"
"Female","Reject","C"
"Female","Reject","C"
"Female","Reject","C"
"Female","Reject","C"
"Female","Reject","C"
"Female","Reject","C"
"Female","Reject","C"
"Female","Reject","C"
"Female","Reject","C"
"Female","Reject","C"
"Female","Reject","C"
"Female","Reject","C"
"Female","Reject","C"
"Female","Reject","C"
"Female","Reject","C"
"Female","Reject","C"
"Female","Reject","C"
"Female","Reject","C"
"Female","Reject","C"
"Female","Reject","C"
"Female","Reject","C"
"Female","Reject","C"
"Female","Reject","C"
"Female","Reject","C"
"Female","Reject","C"
"Female","Reject","C"
"Female","Reject","C"
"Female","Reject","C"
"Female","Reject","C"
"Female","Reject","C"
"Female","Reject","C"
"Female","Reject","C"
"Female","Reject","C"
"Female","Reject","C"
"Female","Reject","C"
"Female","Reject","C"
"Female","Reject","C"
"Female","Reject","C"
"Female","Reject","C"
"Female","Reject","C"
"Female","Reject","C"
"Female","Reject","C"
"Female","Reject","C"
"Female","Reject","C"
"Female","Reject","C"
"Female","Reject","C"
"Female","Reject","C"
"Female","Reject","C"
"Female","Reject","C"
"Female","Reject","C"
"Female","Reject","C"
"Female","Reject","C"
"Female","Reject","C"
"Female","Reject","C"
"Female","Reject","C"
"Female","Reject","C"
"Female","Reject","C"
"Female","Reject","C"
"Female","Reject","C"
"Female","Reject","C"
"Female","Reject","C"
"Female","Reject","C"
"Female","Reject","C"
"Female","Reject","C"
"Female","Reject","C"
"Female","Reject","C"
"Female","Reject","C"
"Female","Reject","C"
"Female","Reject","C"
"Female","Reject","C"
"Female","Reject","C"
"Female","Reject","C"
"Female","Reject","C"
"Female","Reject","C"
"Female","Reject","C"
"Female","Reject","C"
"Female","Reject","C"
"Female","Reject","C"
"Female","Reject","C"
"Female","Reject","C"
"Female","Reject","C"
"Female","Reject","C"
"Female","Reject","C"
"Female","Reject","C"
"Female","Reject","C"
"Female","Reject","C"
"Female","Reject","C"
"Female","Reject","C"
"Female","Reject","C"
"Female","Reject","C"
"Female","Reject","C"
"Female","Reject","C"
"Female","Reject","C"
"Female","Reject","C"
"Female","Reject","C"
"Female","Reject","C"
"Female","Reject","C"
"Female","Reject","C"
"Female","Reject","C"
"Female","Reject","C"
"Female","Reject","C"
"Female","Reject","C"
"Female","Reject","C"
"Female","Reject","C"
"Female","Reject","C"
"Female","Reject","C"
"Female","Reject","C"
"Female","Reject","C"
"Female","Reject","C"
"Female","Reject","C"
"Female","Reject","C"
"Female","Reject","C"
"Female","Reject","C"
"Female","Reject","C"
"Female","Reject","C"
"Female","Reject","C"
"Female","Reject","C"
"Female","Reject","C"
"Female","Reject","C"
"Female","Reject","C"
"Female","Reject","C"
"Female","Reject","C"
"Female","Reject","C"
"Female","Reject","C"
"Female","Reject","C"
"Female","Reject","C"
"Female","Reject","C"
"Female","Reject","C"
"Female","Reject","C"
"Female","Reject","C"
"Female","Reject","C"
"Female","Reject","C"
"Female","Reject","C"
"Female","Reject","C"
"Female","Reject","C"
"Female","Reject","C"
"Female","Reject","C"
"Female","Reject","C"
"Female","Reject","C"
"Female","Reject","C"
"Female","Reject","C"
"Female","Reject","C"
"Female","Reject","C"
"Female","Reject","C"
"Female","Reject","C"
"Female","Reject","C"
"Female","Reject","C"
"Female","Reject","C"
"Female","Reject","C"
"Female","Reject","C"
"Female","Reject","C"
"Female","Reject","C"
"Female","Reject","C"
"Female","Reject","C"
"Female","Reject","C"
"Female","Reject","C"
"Female","Reject","C"
"Female","Reject","C"
"Female","Reject","C"
"Female","Reject","C"
"Female","Reject","C"
"Female","Reject","C"
"Female","Reject","C"
"Female","Reject","C"
"Female","Reject","C"
"Female","Reject","C"
"Female","Reject","C"
"Female","Reject","C"
"Female","Reject","C"
"Female","Reject","C"
"Female","Reject","C"
"Female","Reject","C"
"Female","Reject","C"
"Female","Reject","C"
"Female","Reject","C"
"Female","Reject","C"
"Female","Reject","C"
"Female","Reject","C"
"Female","Reject","C"
"Female","Reject","C"
"Female","Reject","C"
"Female","Reject","C"
"Female","Reject","C"
"Female","Reject","C"
"Female","Reject","C"
"Female","Reject","C"
"Female","Reject","C"
"Female","Reject","C"
"Female","Reject","C"
"Female","Reject","C"
"Female","Reject","C"
"Female","Reject","C"
"Female","Reject","C"
"Female","Reject","C"
"Female","Reject","C"
"Female","Reject","C"
"Female","Reject","C"
"Female","Reject","C"
"Female","Reject","C"
"Female","Reject","C"
"Female","Reject","C"
"Female","Reject","C"
"Female","Reject","C"
"Female","Reject","C"
"Female","Reject","C"
"Female","Reject","C"
"Female","Reject","C"
"Female","Reject","C"
"Female","Reject","C"
"Female","Reject","C"
"Female","Reject","C"
"Female","Reject","C"
"Female","Reject","C"
"Female","Reject","C"
"Female","Reject","C"
"Female","Reject","C"
"Female","Reject","C"
"Female","Reject","C"
"Female","Reject","C"
"Female","Reject","C"
"Female","Reject","C"
"Female","Reject","C"
"Female","Reject","C"
"Female","Reject","C"
"Female","Reject","C"
"Female","Reject","C"
"Female","Reject","C"
"Female","Reject","C"
"Female","Reject","C"
"Female","Reject","C"
"Female","Reject","C"
"Female","Reject","C"
"Female","Reject","C"
"Female","Reject","C"
"Female","Reject","C"
"Female","Reject","C"
"Female","Reject","C"
"Female","Reject","C"
"Female","Reject","C"
"Female","Reject","C"
"Female","Reject","C"
"Female","Reject","C"
"Female","Reject","C"
"Female","Reject","C"
"Female","Reject","C"
"Female","Reject","C"
"Female","Reject","C"
"Female","Reject","C"
"Female","Reject","C"
"Female","Reject","C"
"Female","Reject","C"
"Female","Reject","C"
"Female","Reject","C"
"Female","Reject","C"
"Female","Reject","C"
"Female","Reject","C"
"Female","Reject","C"
"Female","Reject","C"
"Female","Reject","C"
"Female","Reject","C"
"Female","Reject","C"
"Female","Reject","C"
"Female","Reject","C"
"Female","Reject","C"
"Female","Reject","C"
"Female","Reject","C"
"Female","Reject","C"
"Female","Reject","C"
"Female","Reject","C"
"Female","Reject","C"
"Female","Reject","C"
"Female","Reject","C"
"Female","Reject","C"
"Female","Reject","C"
"Female","Reject","C"
"Female","Reject","C"
"Female","Reject","C"
"Female","Reject","C"
"Female","Reject","C"
"Female","Reject","C"
"Female","Reject","C"
"Female","Reject","C"
"Female","Reject","C"
"Female","Reject","C"
"Female","Reject","C"
"Female","Reject","C"
"Female","Reject","C"
"Female","Reject","C"
"Female","Reject","C"
"Female","Reject","C"
"Female","Reject","C"
"Female","Reject","C"
"Female","Reject","C"
"Female","Reject","C"
"Female","Reject","C"
"Female","Reject","C"
"Female","Reject","C"
"Female","Reject","C"
"Female","Reject","C"
"Female","Reject","C"
"Female","Reject","C"
"Female","Reject","C"
"Female","Reject","C"
"Female","Reject","C"
"Female","Reject","C"
"Female","Reject","C"
"Female","Reject","C"
"Female","Reject","C"
"Female","Reject","C"
"Female","Reject","C"
"Female","Reject","C"
"Female","Reject","C"
"Female","Reject","C"
"Female","Reject","C"
"Female","Reject","C"
"Female","Reject","C"
"Female","Reject","C"
"Female","Reject","C"
"Female","Reject","C"
"Female","Reject","C"
"Female","Reject","C"
"Female","Reject","C"
"Female","Reject","C"
"Female","Reject","C"
"Female","Reject","D"
"Female","Reject","D"
"Female","Reject","D"
"Female","Reject","D"
"Female","Reject","D"
"Female","Reject","D"
"Female","Reject","D"
"Female","Reject","D"
"Female","Reject","D"
"Female","Reject","D"
"Female","Reject","D"
"Female","Reject","D"
"Female","Reject","D"
"Female","Reject","D"
"Female","Reject","D"
"Female","Reject","D"
"Female","Reject","D"
"Female","Reject","D"
"Female","Reject","D"
"Female","Reject","D"
"Female","Reject","D"
"Female","Reject","D"
"Female","Reject","D"
"Female","Reject","D"
"Female","Reject","D"
"Female","Reject","D"
"Female","Reject","D"
"Female","Reject","D"
"Female","Reject","D"
"Female","Reject","D"
"Female","Reject","D"
"Female","Reject","D"
"Female","Reject","D"
"Female","Reject","D"
"Female","Reject","D"
"Female","Reject","D"
"Female","Reject","D"
"Female","Reject","D"
"Female","Reject","D"
"Female","Reject","D"
"Female","Reject","D"
"Female","Reject","D"
"Female","Reject","D"
"Female","Reject","D"
"Female","Reject","D"
"Female","Reject","D"
"Female","Reject","D"
"Female","Reject","D"
"Female","Reject","D"
"Female","Reject","D"
"Female","Reject","D"
"Female","Reject","D"
"Female","Reject","D"
"Female","Reject","D"
"Female","Reject","D"
"Female","Reject","D"
"Female","Reject","D"
"Female","Reject","D"
"Female","Reject","D"
"Female","Reject","D"
"Female","Reject","D"
"Female","Reject","D"
"Female","Reject","D"
"Female","Reject","D"
"Female","Reject","D"
"Female","Reject","D"
"Female","Reject","D"
"Female","Reject","D"
"Female","Reject","D"
"Female","Reject","D"
"Female","Reject","D"
"Female","Reject","D"
"Female","Reject","D"
"Female","Reject","D"
"Female","Reject","D"
"Female","Reject","D"
"Female","Reject","D"
"Female","Reject","D"
"Female","Reject","D"
"Female","Reject","D"
"Female","Reject","D"
"Female","Reject","D"
"Female","Reject","D"
"Female","Reject","D"
"Female","Reject","D"
"Female","Reject","D"
"Female","Reject","D"
"Female","Reject","D"
"Female","Reject","D"
"Female","Reject","D"
"Female","Reject","D"
"Female","Reject","D"
"Female","Reject","D"
"Female","Reject","D"
"Female","Reject","D"
"Female","Reject","D"
"Female","Reject","D"
"Female","Reject","D"
"Female","Reject","D"
"Female","Reject","D"
"Female","Reject","D"
"Female","Reject","D"
"Female","Reject","D"
"Female","Reject","D"
"Female","Reject","D"
"Female","Reject","D"
"Female","Reject","D"
"Female","Reject","D"
"Female","Reject","D"
"Female","Reject","D"
"Female","Reject","D"
"Female","Reject","D"
"Female","Reject","D"
"Female","Reject","D"
"Female","Reject","D"
"Female","Reject","D"
"Female","Reject","D"
"Female","Reject","D"
"Female","Reject","D"
"Female","Reject","D"
"Female","Reject","D"
"Female","Reject","D"
"Female","Reject","D"
"Female","Reject","D"
"Female","Reject","D"
"Female","Reject","D"
"Female","Reject","D"
"Female","Reject","D"
"Female","Reject","D"
"Female","Reject","D"
"Female","Reject","D"
"Female","Reject","D"
"Female","Reject","D"
"Female","Reject","D"
"Female","Reject","D"
"Female","Reject","D"
"Female","Reject","D"
"Female","Reject","D"
"Female","Reject","D"
"Female","Reject","D"
"Female","Reject","D"
"Female","Reject","D"
"Female","Reject","D"
"Female","Reject","D"
"Female","Reject","D"
"Female","Reject","D"
"Female","Reject","D"
"Female","Reject","D"
"Female","Reject","D"
"Female","Reject","D"
"Female","Reject","D"
"Female","Reject","D"
"Female","Reject","D"
"Female","Reject","D"
"Female","Reject","D"
"Female","Reject","D"
"Female","Reject","D"
"Female","Reject","D"
"Female","Reject","D"
"Female","Reject","D"
"Female","Reject","D"
"Female","Reject","D"
"Female","Reject","D"
"Female","Reject","D"
"Female","Reject","D"
"Female","Reject","D"
"Female","Reject","D"
"Female","Reject","D"
"Female","Reject","D"
"Female","Reject","D"
"Female","Reject","D"
"Female","Reject","D"
"Female","Reject","D"
"Female","Reject","D"
"Female","Reject","D"
"Female","Reject","D"
"Female","Reject","D"
"Female","Reject","D"
"Female","Reject","D"
"Female","Reject","D"
"Female","Reject","D"
"Female","Reject","D"
"Female","Reject","D"
"Female","Reject","D"
"Female","Reject","D"
"Female","Reject","D"
"Female","Reject","D"
"Female","Reject","D"
"Female","Reject","D"
"Female","Reject","D"
"Female","Reject","D"
"Female","Reject","D"
"Female","Reject","D"
"Female","Reject","D"
"Female","Reject","D"
"Female","Reject","D"
"Female","Reject","D"
"Female","Reject","D"
"Female","Reject","D"
"Female","Reject","D"
"Female","Reject","D"
"Female","Reject","D"
"Female","Reject","D"
"Female","Reject","D"
"Female","Reject","D"
"Female","Reject","D"
"Female","Reject","D"
"Female","Reject","D"
"Female","Reject","D"
"Female","Reject","D"
"Female","Reject","D"
"Female","Reject","D"
"Female","Reject","D"
"Female","Reject","D"
"Female","Reject","D"
"Female","Reject","D"
"Female","Reject","D"
"Female","Reject","D"
"Female","Reject","D"
"Female","Reject","D"
"Female","Reject","D"
"Female","Reject","D"
"Female","Reject","D"
"Female","Reject","D"
"Female","Reject","D"
"Female","Reject","D"
"Female","Reject","D"
"Female","Reject","D"
"Female","Reject","D"
"Female","Reject","D"
"Female","Reject","D"
"Female","Reject","D"
"Female","Reject","D"
"Female","Reject","D"
"Female","Reject","D"
"Female","Reject","D"
"Female","Reject","D"
"Female","Reject","D"
"Female","Reject","D"
"Female","Reject","D"
"Female","Reject","D"
"Female","Reject","D"
"Female","Reject","D"
"Female","Reject","D"
"Female","Reject","E"
"Female","Reject","E"
"Female","Reject","E"
"Female","Reject","E"
"Female","Reject","E"
"Female","Reject","E"
"Female","Reject","E"
"Female","Reject","E"
"Female","Reject","E"
"Female","Reject","E"
"Female","Reject","E"
"Female","Reject","E"
"Female","Reject","E"
"Female","Reject","E"
"Female","Reject","E"
"Female","Reject","E"
"Female","Reject","E"
"Female","Reject","E"
"Female","Reject","E"
"Female","Reject","E"
"Female","Reject","E"
"Female","Reject","E"
"Female","Reject","E"
"Female","Reject","E"
"Female","Reject","E"
"Female","Reject","E"
"Female","Reject","E"
"Female","Reject","E"
"Female","Reject","E"
"Female","Reject","E"
"Female","Reject","E"
"Female","Reject","E"
"Female","Reject","E"
"Female","Reject","E"
"Female","Reject","E"
"Female","Reject","E"
"Female","Reject","E"
"Female","Reject","E"
"Female","Reject","E"
"Female","Reject","E"
"Female","Reject","E"
"Female","Reject","E"
"Female","Reject","E"
"Female","Reject","E"
"Female","Reject","E"
"Female","Reject","E"
"Female","Reject","E"
"Female","Reject","E"
"Female","Reject","E"
"Female","Reject","E"
"Female","Reject","E"
"Female","Reject","E"
"Female","Reject","E"
"Female","Reject","E"
"Female","Reject","E"
"Female","Reject","E"
"Female","Reject","E"
"Female","Reject","E"
"Female","Reject","E"
"Female","Reject","E"
"Female","Reject","E"
"Female","Reject","E"
"Female","Reject","E"
"Female","Reject","E"
"Female","Reject","E"
"Female","Reject","E"
"Female","Reject","E"
"Female","Reject","E"
"Female","Reject","E"
"Female","Reject","E"
"Female","Reject","E"
"Female","Reject","E"
"Female","Reject","E"
"Female","Reject","E"
"Female","Reject","E"
"Female","Reject","E"
"Female","Reject","E"
"Female","Reject","E"
"Female","Reject","E"
"Female","Reject","E"
"Female","Reject","E"
"Female","Reject","E"
"Female","Reject","E"
"Female","Reject","E"
"Female","Reject","E"
"Female","Reject","E"
"Female","Reject","E"
"Female","Reject","E"
"Female","Reject","E"
"Female","Reject","E"
"Female","Reject","E"
"Female","Reject","E"
"Female","Reject","E"
"Female","Reject","E"
"Female","Reject","E"
"Female","Reject","E"
"Female","Reject","E"
"Female","Reject","E"
"Female","Reject","E"
"Female","Reject","E"
"Female","Reject","E"
"Female","Reject","E"
"Female","Reject","E"
"Female","Reject","E"
"Female","Reject","E"
"Female","Reject","E"
"Female","Reject","E"
"Female","Reject","E"
"Female","Reject","E"
"Female","Reject","E"
"Female","Reject","E"
"Female","Reject","E"
"Female","Reject","E"
"Female","Reject","E"
"Female","Reject","E"
"Female","Reject","E"
"Female","Reject","E"
"Female","Reject","E"
"Female","Reject","E"
"Female","Reject","E"
"Female","Reject","E"
"Female","Reject","E"
"Female","Reject","E"
"Female","Reject","E"
"Female","Reject","E"
"Female","Reject","E"
"Female","Reject","E"
"Female","Reject","E"
"Female","Reject","E"
"Female","Reject","E"
"Female","Reject","E"
"Female","Reject","E"
"Female","Reject","E"
"Female","Reject","E"
"Female","Reject","E"
"Female","Reject","E"
"Female","Reject","E"
"Female","Reject","E"
"Female","Reject","E"
"Female","Reject","E"
"Female","Reject","E"
"Female","Reject","E"
"Female","Reject","E"
"Female","Reject","E"
"Female","Reject","E"
"Female","Reject","E"
"Female","Reject","E"
"Female","Reject","E"
"Female","Reject","E"
"Female","Reject","E"
"Female","Reject","E"
"Female","Reject","E"
"Female","Reject","E"
"Female","Reject","E"
"Female","Reject","E"
"Female","Reject","E"
"Female","Reject","E"
"Female","Reject","E"
"Female","Reject","E"
"Female","Reject","E"
"Female","Reject","E"
"Female","Reject","E"
"Female","Reject","E"
"Female","Reject","E"
"Female","Reject","E"
"Female","Reject","E"
"Female","Reject","E"
"Female","Reject","E"
"Female","Reject","E"
"Female","Reject","E"
"Female","Reject","E"
"Female","Reject","E"
"Female","Reject","E"
"Female","Reject","E"
"Female","Reject","E"
"Female","Reject","E"
"Female","Reject","E"
"Female","Reject","E"
"Female","Reject","E"
"Female","Reject","E"
"Female","Reject","E"
"Female","Reject","E"
"Female","Reject","E"
"Female","Reject","E"
"Female","Reject","E"
"Female","Reject","E"
"Female","Reject","E"
"Female","Reject","E"
"Female","Reject","E"
"Female","Reject","E"
"Female","Reject","E"
"Female","Reject","E"
"Female","Reject","E"
"Female","Reject","E"
"Female","Reject","E"
"Female","Reject","E"
"Female","Reject","E"
"Female","Reject","E"
"Female","Reject","E"
"Female","Reject","E"
"Female","Reject","E"
"Female","Reject","E"
"Female","Reject","E"
"Female","Reject","E"
"Female","Reject","E"
"Female","Reject","E"
"Female","Reject","E"
"Female","Reject","E"
"Female","Reject","E"
"Female","Reject","E"
"Female","Reject","E"
"Female","Reject","E"
"Female","Reject","E"
"Female","Reject","E"
"Female","Reject","E"
"Female","Reject","E"
"Female","Reject","E"
"Female","Reject","E"
"Female","Reject","E"
"Female","Reject","E"
"Female","Reject","E"
"Female","Reject","E"
"Female","Reject","E"
"Female","Reject","E"
"Female","Reject","E"
"Female","Reject","E"
"Female","Reject","E"
"Female","Reject","E"
"Female","Reject","E"
"Female","Reject","E"
"Female","Reject","E"
"Female","Reject","E"
"Female","Reject","E"
"Female","Reject","E"
"Female","Reject","E"
"Female","Reject","E"
"Female","Reject","E"
"Female","Reject","E"
"Female","Reject","E"
"Female","Reject","E"
"Female","Reject","E"
"Female","Reject","E"
"Female","Reject","E"
"Female","Reject","E"
"Female","Reject","E"
"Female","Reject","E"
"Female","Reject","E"
"Female","Reject","E"
"Female","Reject","E"
"Female","Reject","E"
"Female","Reject","E"
"Female","Reject","E"
"Female","Reject","E"
"Female","Reject","E"
"Female","Reject","E"
"Female","Reject","E"
"Female","Reject","E"
"Female","Reject","E"
"Female","Reject","E"
"Female","Reject","E"
"Female","Reject","E"
"Female","Reject","E"
"Female","Reject","E"
"Female","Reject","E"
"Female","Reject","E"
"Female","Reject","E"
"Female","Reject","E"
"Female","Reject","E"
"Female","Reject","E"
"Female","Reject","E"
"Female","Reject","E"
"Female","Reject","E"
"Female","Reject","E"
"Female","Reject","E"
"Female","Reject","E"
"Female","Reject","E"
"Female","Reject","E"
"Female","Reject","E"
"Female","Reject","E"
"Female","Reject","E"
"Female","Reject","E"
"Female","Reject","E"
"Female","Reject","E"
"Female","Reject","E"
"Female","Reject","E"
"Female","Reject","E"
"Female","Reject","E"
"Female","Reject","E"
"Female","Reject","E"
"Female","Reject","E"
"Female","Reject","E"
"Female","Reject","E"
"Female","Reject","E"
"Female","Reject","E"
"Female","Reject","E"
"Female","Reject","E"
"Female","Reject","E"
"Female","Reject","E"
"Female","Reject","E"
"Female","Reject","F"
"Female","Reject","F"
"Female","Reject","F"
"Female","Reject","F"
"Female","Reject","F"
"Female","Reject","F"
"Female","Reject","F"
"Female","Reject","F"
"Female","Reject","F"
"Female","Reject","F"
"Female","Reject","F"
"Female","Reject","F"
"Female","Reject","F"
"Female","Reject","F"
"Female","Reject","F"
"Female","Reject","F"
"Female","Reject","F"
"Female","Reject","F"
"Female","Reject","F"
"Female","Reject","F"
"Female","Reject","F"
"Female","Reject","F"
"Female","Reject","F"
"Female","Reject","F"
"Female","Reject","F"
"Female","Reject","F"
"Female","Reject","F"
"Female","Reject","F"
"Female","Reject","F"
"Female","Reject","F"
"Female","Reject","F"
"Female","Reject","F"
"Female","Reject","F"
"Female","Reject","F"
"Female","Reject","F"
"Female","Reject","F"
"Female","Reject","F"
"Female","Reject","F"
"Female","Reject","F"
"Female","Reject","F"
"Female","Reject","F"
"Female","Reject","F"
"Female","Reject","F"
"Female","Reject","F"
"Female","Reject","F"
"Female","Reject","F"
"Female","Reject","F"
"Female","Reject","F"
"Female","Reject","F"
"Female","Reject","F"
"Female","Reject","F"
"Female","Reject","F"
"Female","Reject","F"
"Female","Reject","F"
"Female","Reject","F"
"Female","Reject","F"
"Female","Reject","F"
"Female","Reject","F"
"Female","Reject","F"
"Female","Reject","F"
"Female","Reject","F"
"Female","Reject","F"
"Female","Reject","F"
"Female","Reject","F"
"Female","Reject","F"
"Female","Reject","F"
"Female","Reject","F"
"Female","Reject","F"
"Female","Reject","F"
"Female","Reject","F"
"Female","Reject","F"
"Female","Reject","F"
"Female","Reject","F"
"Female","Reject","F"
"Female","Reject","F"
"Female","Reject","F"
"Female","Reject","F"
"Female","Reject","F"
"Female","Reject","F"
"Female","Reject","F"
"Female","Reject","F"
"Female","Reject","F"
"Female","Reject","F"
"Female","Reject","F"
"Female","Reject","F"
"Female","Reject","F"
"Female","Reject","F"
"Female","Reject","F"
"Female","Reject","F"
"Female","Reject","F"
"Female","Reject","F"
"Female","Reject","F"
"Female","Reject","F"
"Female","Reject","F"
"Female","Reject","F"
"Female","Reject","F"
"Female","Reject","F"
"Female","Reject","F"
"Female","Reject","F"
"Female","Reject","F"
"Female","Reject","F"
"Female","Reject","F"
"Female","Reject","F"
"Female","Reject","F"
"Female","Reject","F"
"Female","Reject","F"
"Female","Reject","F"
"Female","Reject","F"
"Female","Reject","F"
"Female","Reject","F"
"Female","Reject","F"
"Female","Reject","F"
"Female","Reject","F"
"Female","Reject","F"
"Female","Reject","F"
"Female","Reject","F"
"Female","Reject","F"
"Female","Reject","F"
"Female","Reject","F"
"Female","Reject","F"
"Female","Reject","F"
"Female","Reject","F"
"Female","Reject","F"
"Female","Reject","F"
"Female","Reject","F"
"Female","Reject","F"
"Female","Reject","F"
"Female","Reject","F"
"Female","Reject","F"
"Female","Reject","F"
"Female","Reject","F"
"Female","Reject","F"
"Female","Reject","F"
"Female","Reject","F"
"Female","Reject","F"
"Female","Reject","F"
"Female","Reject","F"
"Female","Reject","F"
"Female","Reject","F"
"Female","Reject","F"
"Female","Reject","F"
"Female","Reject","F"
"Female","Reject","F"
"Female","Reject","F"
"Female","Reject","F"
"Female","Reject","F"
"Female","Reject","F"
"Female","Reject","F"
"Female","Reject","F"
"Female","Reject","F"
"Female","Reject","F"
"Female","Reject","F"
"Female","Reject","F"
"Female","Reject","F"
"Female","Reject","F"
"Female","Reject","F"
"Female","Reject","F"
"Female","Reject","F"
"Female","Reject","F"
"Female","Reject","F"
"Female","Reject","F"
"Female","Reject","F"
"Female","Reject","F"
"Female","Reject","F"
"Female","Reject","F"
"Female","Reject","F"
"Female","Reject","F"
"Female","Reject","F"
"Female","Reject","F"
"Female","Reject","F"
"Female","Reject","F"
"Female","Reject","F"
"Female","Reject","F"
"Female","Reject","F"
"Female","Reject","F"
"Female","Reject","F"
"Female","Reject","F"
"Female","Reject","F"
"Female","Reject","F"
"Female","Reject","F"
"Female","Reject","F"
"Female","Reject","F"
"Female","Reject","F"
"Female","Reject","F"
"Female","Reject","F"
"Female","Reject","F"
"Female","Reject","F"
"Female","Reject","F"
"Female","Reject","F"
"Female","Reject","F"
"Female","Reject","F"
"Female","Reject","F"
"Female","Reject","F"
"Female","Reject","F"
"Female","Reject","F"
"Female","Reject","F"
"Female","Reject","F"
"Female","Reject","F"
"Female","Reject","F"
"Female","Reject","F"
"Female","Reject","F"
"Female","Reject","F"
"Female","Reject","F"
"Female","Reject","F"
"Female","Reject","F"
"Female","Reject","F"
"Female","Reject","F"
"Female","Reject","F"
"Female","Reject","F"
"Female","Reject","F"
"Female","Reject","F"
"Female","Reject","F"
"Female","Reject","F"
"Female","Reject","F"
"Female","Reject","F"
"Female","Reject","F"
"Female","Reject","F"
"Female","Reject","F"
"Female","Reject","F"
"Female","Reject","F"
"Female","Reject","F"
"Female","Reject","F"
"Female","Reject","F"
"Female","Reject","F"
"Female","Reject","F"
"Female","Reject","F"
"Female","Reject","F"
"Female","Reject","F"
"Female","Reject","F"
"Female","Reject","F"
"Female","Reject","F"
"Female","Reject","F"
"Female","Reject","F"
"Female","Reject","F"
"Female","Reject","F"
"Female","Reject","F"
"Female","Reject","F"
"Female","Reject","F"
"Female","Reject","F"
"Female","Reject","F"
"Female","Reject","F"
"Female","Reject","F"
"Female","Reject","F"
"Female","Reject","F"
"Female","Reject","F"
"Female","Reject","F"
"Female","Reject","F"
"Female","Reject","F"
"Female","Reject","F"
"Female","Reject","F"
"Female","Reject","F"
"Female","Reject","F"
"Female","Reject","F"
"Female","Reject","F"
"Female","Reject","F"
"Female","Reject","F"
"Female","Reject","F"
"Female","Reject","F"
"Female","Reject","F"
"Female","Reject","F"
"Female","Reject","F"
"Female","Reject","F"
"Female","Reject","F"
"Female","Reject","F"
"Female","Reject","F"
"Female","Reject","F"
"Female","Reject","F"
"Female","Reject","F"
"Female","Reject","F"
"Female","Reject","F"
"Female","Reject","F"
"Female","Reject","F"
"Female","Reject","F"
"Female","Reject","F"
"Female","Reject","F"
"Female","Reject","F"
"Female","Reject","F"
"Female","Reject","F"
"Female","Reject","F"
"Female","Reject","F"
"Female","Reject","F"
"Female","Reject","F"
"Female","Reject","F"
"Female","Reject","F"
"Female","Reject","F"
"Female","Reject","F"
"Female","Reject","F"
"Female","Reject","F"
"Female","Reject","F"
"Female","Reject","F"
"Female","Reject","F"
"Female","Reject","F"
"Female","Reject","F"
"Female","Reject","F"
"Female","Reject","F"
"Female","Reject","F"
"Female","Reject","F"
"Female","Reject","F"
"Female","Reject","F"
"Female","Reject","F"
"Female","Reject","F"
"Female","Reject","F"
"Female","Reject","F"
"Female","Reject","F"
"Female","Reject","F"
"Female","Reject","F"
"Female","Reject","F"
"Female","Reject","F"
"Female","Reject","F"
"Female","Reject","F"
"Female","Reject","F"
"Female","Reject","F"
"Female","Reject","F"
"Female","Reject","F"
"Female","Reject","F"
"Female","Reject","F"
"Female","Reject","F"
